Country Name,Country Code,1971,1972,1973,1974,1975,1976,1977,1978,1979,1980,1981,1982,1983,1984,1985,1986,1987,1988,1989,1990,1991,1992,1993,1994,1995,1996,1997,1998,1999,2000,2001,2002,2003,2004,2005,2006,2007,2008,2009,2010,2011,2012,2013,2014,2015,2016,2017,2018,2019,2020
,AFE,486.2075028,519.6135937,543.3057648,569.5910978,589.995686,611.695099,617.0097901,636.2384726,671.806786,705.1474294,728.9399855,738.7570348,741.1176879,776.8300961,793.7825617,803.7633631,797.3120917,805.6252687,804.3083388,791.1228178,769.859816,733.3516811,728.1864123,730.0752309,741.6428918,819.860432,829.8259762,791.4469962,769.7954737,780.702624,743.916044,769.0808541,774.3341662,777.6720907,780.8510523,789.4878405,796.9019357,760.5768971,723.9149031,740.4176551,740.7416057,703.9084009,698.3699142,686.7280572,,,,,,
,AFW,73.73762292,80.76302528,88.22862199,89.44832683,97.19701351,102.9815711,110.4750331,106.5715014,113.9791523,120.4908456,113.2506181,130.9968646,111.3071332,89.63897175,110.4266558,125.8514236,129.2023101,129.9426355,134.3562762,129.8898507,131.241691,133.5249934,137.1290951,131.8562012,133.2788806,131.0340313,132.8614595,119.7337133,126.0822075,116.7087977,119.0511327,133.754417,123.896644,138.893764,145.3250506,144.9849866,158.4197378,154.5007324,152.7784232,165.0656209,175.1125463,185.5158142,181.1288747,186.1990097,,,,,,
安哥拉,AGO,92.03410095,100.4966422,113.5859405,136.3577946,139.3793901,60.30526277,58.27061831,56.34870168,58.57451473,60.66207985,58.56157495,60.31517359,63.2672365,52.21141337,60.63043811,58.52647393,56.78603928,55.20393789,53.60205832,53.17180358,54.45386488,53.48666282,52.00747317,50.65258525,49.26424531,51.10854859,69.32690102,73.30920076,71.91083863,75.26465988,82.61657065,86.01883921,95.85311396,87.53534066,109.2952187,144.7153225,133.2672578,172.3848981,189.2577043,206.4544017,207.0133514,219.2534827,280.2144821,312.2288945,,,,,,
阿尔巴尼亚,ALB,532.0284315,568.4032016,593.4467457,591.0326434,739.3450933,908.6745473,1067.814156,1098.483166,1065.767398,1142.965355,1123.968106,1096.873229,1070.690164,1018.100288,796.3539738,1420.614795,1161.951677,1005.93953,1021.3935,552.2521848,418.453589,453.6440739,536.3638251,596.4079593,663.7839954,904.3466403,694.6648028,734.8499135,1414.703784,1449.647413,1351.230796,1578.165919,1469.264539,1797.525487,1722.07285,1218.360146,1213.124369,1617.744156,1835.684072,1943.343354,2205.70392,2118.327776,2533.252829,2309.366503,,,,,,
阿拉伯联盟国家,ARB,197.0081816,211.7699692,231.2071455,255.7590004,283.2638543,326.4385521,370.4760023,428.029528,516.4089218,578.6681722,625.8389223,715.7938262,771.9639408,858.0502418,884.9559365,962.7319614,1001.085659,1037.706249,1057.68499,1073.998529,1038.844146,1072.085893,1126.182662,1153.111708,1259.995033,1297.722061,1341.63851,1434.267461,1485.891883,1518.760327,1581.590402,1650.068165,1720.814261,1767.785668,1842.769081,1943.067343,1998.315203,2065.102645,2123.652249,2301.342047,2337.7279,2377.250571,2433.627913,2508.462284,,,,,,
阿拉伯联合酋长国,ARE,681.171904,1314.326461,1700.348432,1876.108391,2321.742857,2829.481789,3737.011234,4190.315237,4982.012381,5752.780511,6118.901844,7117.003887,7677.110391,7905.901992,8169.584201,8239.156076,8282.220191,8482.12859,8232.715759,8500.703059,8151.112015,8284.41048,9099.296638,9414.320314,9402.927168,9512.740826,9925.65213,11232.34848,12219.0309,12314.03158,12133.62796,12502.69851,12366.07038,11958.97239,12279.9202,11693.3941,11451.89878,11294.18973,10618.80665,10609.944,10287.0553,10416.01261,10724.50388,11088.34186,,,,,,
阿根廷,ARG,874.4592442,925.3170343,962.2662406,993.2329379,1011.993648,1032.48922,1081.751268,1093.416916,1217.172437,1243.631287,1197.592788,1208.666223,1259.173614,1300.799469,1288.874568,1330.370627,1413.847451,1452.306312,1320.356449,1303.978019,1347.592046,1410.377544,1496.904499,1576.767198,1648.895228,1728.120928,1848.001531,1967.254881,2033.771811,2088.80763,2120.580398,2014.476878,2180.326931,2293.309488,2408.432958,2374.097592,2455.656081,2772.843291,2730.123367,2877.652653,2929.075029,3000.603523,2967.376558,3074.702071,,,,,,
亚美尼亚,ARM,,,,,,,,,,,,,,,,,,,,2722.5985,2689.680533,1962.635282,1195.024488,1045.478466,1050.243539,1219.930604,1509.057698,1308.589371,1307.534428,1297.564469,1269.222726,1236.331467,1320.437994,1440.32339,1521.50331,1639.79257,1773.161496,1669.409464,1661.303268,1726.262758,1807.034572,1892.006869,1931.258117,1961.610395,,,,,,
澳大利亚,AUS,3751.642576,3880.928891,4230.343797,4578.882169,4781.616641,4901.589111,5251.197858,5416.283605,5665.977677,5915.260005,6153.346285,6391.290025,6366.126619,6699.562532,7007.61518,7309.094541,7525.685721,7800.534714,8129.103625,8527.228085,8522.159222,8550.328665,8701.760344,8812.489499,8994.35591,9108.29556,9291.083869,9783.442895,10036.45778,10193.91218,10636.37769,10813.12273,10434.87439,10554.81582,10458.45019,10490.48454,10972.89174,10749.11055,10791.5931,10726.92818,10627.29387,10407.74031,10220.8873,10071.39898,,,,,,
奥地利,AUT,3213.126836,3404.469208,3620.56204,3769.029711,3734.445473,4068.190905,4137.714163,4335.053929,4541.537932,4684.45776,4697.365866,4730.570071,4827.484062,5070.995793,5280.77716,5321.412974,5536.144154,5716.834247,5896.135568,6111.47652,6347.220096,6227.498049,6137.269463,6205.804904,6344.393087,6607.222977,6620.447862,6706.708677,6972.189816,7076.269483,7333.231953,7427.656445,7695.080037,7808.157792,7977.681597,8244.401952,8207.474739,8233.014833,7944.796096,8382.711154,8425.167753,8548.882199,8509.61158,8355.841952,,,,,,
阿塞拜疆,AZE,,,,,,,,,,,,,,,,,,,,2569.823838,2631.028839,2276.061528,2119.736351,1961.943251,1952.022486,1852.891923,1813.670143,1936.939214,2022.485985,2040.47909,2106.470066,1996.708252,2235.459856,2281.947872,2388.388734,2552.286214,2118.210528,2040.760435,1620.38742,1603.431374,1705.424633,2052.650965,2092.536521,2202.393918,,,,,,
比利时,BEL,3217.045264,3612.355533,3941.603741,4134.390881,3887.477425,4247.40638,4404.824321,4623.389685,4906.085081,4893.885351,4910.953281,4904.070015,5043.975356,5285.543762,5502.668409,5617.419822,5876.962998,6057.062732,6205.76377,6380.31322,6655.414381,6850.663773,6881.072143,7176.240507,7379.737079,7527.688545,7701.612131,7913.05858,7944.129807,8247.677113,8267.187216,8311.892679,8411.900657,8576.223497,8509.997073,8683.671285,8614.679503,8521.49674,7903.955479,8393.949623,8028.798731,7988.524644,7989.671853,7709.123078,,,,,,
贝宁,BEN,10.75061102,11.8282421,18.62747019,16.94163888,18.06951987,19.41939591,21.26144441,46.25513595,24.87205401,27.70931902,31.93611938,17.56745713,36.63420744,32.47675687,33.42291297,31.10452391,30.8692199,36.16641172,33.81728707,34.95036345,36.70262099,38.8236254,39.1179553,39.37548727,41.8250487,44.46798568,47.91739233,44.82035153,51.91997361,58.11289515,61.46908571,68.26219261,64.62288161,70.32255342,73.78896831,75.08920951,79.71812428,86.35245946,87.87313802,95.44252175,91.53531895,93.12121978,96.7555505,100.2251518,,,,,,
孟加拉国,BGD,10.83446186,10.65654749,15.40564581,17.13648418,17.28362747,17.59885568,18.60785655,21.88203152,21.4242302,19.11111996,22.83302822,25.83039354,29.45120347,32.42606368,33.50440669,37.93423444,39.39536261,42.51100077,50.58816136,49.78096907,50.41708442,60.4072607,67.18583538,71.07650003,78.23222403,81.93800239,83.74627314,88.8143929,97.16457802,104.6077366,115.144505,122.9863866,129.3923379,165.308346,176.0773264,196.9399144,206.104875,207.526929,226.0479448,247.2633775,265.6405673,283.4660589,301.967618,320.2099233,,,,,,
保加利亚,BGR,2292.653983,2486.06609,2683.109679,2842.231221,3035.636188,3247.551349,3437.797692,3648.387027,3772.289411,3973.690788,4125.353429,4397.890565,4582.125337,4772.2946,4678.285823,4646.260939,4838.620325,4940.518487,4963.178886,4758.731903,4361.144516,3735.525454,3807.696906,3825.386616,4211.125131,4350.443259,3970.131139,3932.401784,3613.367267,3673.606871,3859.090025,3853.819004,3997.902596,3971.822736,4165.180392,4366.912765,4523.322878,4674.503151,4483.747139,4560.414917,4863.691441,4761.912583,4639.706323,4708.927458,,,,,,
巴林,BHR,1951.786338,1963.770614,2087.447344,2282.579354,2626.247468,3171.850881,3661.324212,3746.893047,4299.833141,4612.430779,4848.711643,5205.297018,5589.59367,15305.73406,15926.45222,16450.66186,14702.18116,15363.35066,15402.81158,15621.25071,14214.47656,18498.05575,21644.42422,20477.08292,20553.55882,20597.55193,21105.11037,21251.52966,20638.13743,20014.74549,20130.4566,20016.59548,19775.06331,18983.04023,21325.8176,21508.24845,20592.24422,18491.08909,17459.65445,18038.23787,17912.56602,17849.25789,18693.12388,19596.9831,,,,,,
波斯尼亚和黑塞哥维那,BIH,,,,,,,,,,,,,,,,,,,,2937.656354,2106.048538,1111.328154,707.7819237,893.935187,959.2460164,1126.33583,1384.610031,1774.611725,1834.451627,2030.296632,2068.425254,2092.095285,2233.546038,2321.878203,2389.696314,2384.593281,2382.539982,2986.473237,2891.637859,3155.598279,3343.737103,3479.083887,3474.286385,3446.764688,,,,,,
白俄罗斯,BLR,,,,,,,,,,,,,,,,,,,,4380.751349,4426.013214,3912.701745,3450.222433,3068.36199,2790.020749,2806.615123,2952.92294,3015.400275,3005.364257,2996.309475,3009.402482,3000.745625,3063.056939,3174.053092,3245.372088,3365.981865,3393.908536,3481.743517,3299.460902,3566.173013,3632.87856,3704.309041,3657.124679,3690.103683,,,,,,
玻利维亚,BOL,165.8754119,174.056337,173.8434189,181.714345,189.5464342,199.6691867,216.3246499,227.5046371,237.2577833,253.408106,266.1003901,265.0341982,254.1796369,252.5550344,245.005227,235.0562177,233.5932194,245.732805,257.8440459,266.138798,280.5408748,290.0466518,312.6001233,332.8069136,351.5983424,369.8291407,388.2857637,405.1002617,418.1872835,415.8811727,416.6548177,429.9527086,437.242163,447.1254081,476.5875809,506.9475658,538.6863418,527.8015425,546.597348,596.5011832,629.0052699,654.4817304,695.9532363,742.5383997,,,,,,
巴西,BRA,459.885653,499.0417125,554.6281926,604.9785422,651.4966408,722.0814198,790.2218389,860.302326,941.6991467,1016.653585,1021.547835,1055.950766,1111.752162,1208.624312,1283.054345,1354.503437,1368.108473,1419.630592,1449.931372,1460.760329,1486.22461,1494.061476,1537.592639,1566.761231,1634.398108,1687.085238,1762.410629,1808.343155,1832.378306,1897.353148,1747.939631,1806.669684,1882.264028,1956.159381,2015.799869,2072.36268,2167.606561,2229.845299,2197.125581,2374.116628,2430.80331,2501.474103,2568.829695,2619.960499,,,,,,
文莱达鲁萨兰国,BRN,1754.230792,1675.879309,1582.321097,1541.249379,1478.640146,1421.155596,1367.926418,1318.977268,1274.014371,1691.768104,2264.694266,2635.103657,3079.128413,3290.921091,3265.906256,3217.606326,4192.536779,4283.87308,4298.96284,4325.239454,4473.945186,4819.488258,5268.314849,5579.508865,6384.797652,6828.179371,7622.72328,7755.33865,7375.526495,7545.787986,7181.571417,7373.614744,8550.927695,8596.849491,8463.156511,8431.867164,8614.091373,8589.471243,8840.797912,8810.345981,8783.627603,9240.670982,9873.545426,10290.93802,,,,,,
博茨瓦纳,BWA,,,,,,,,,,,586.8367992,627.2984933,625.424144,640.8522462,663.8088604,753.4106007,846.8236321,719.12292,729.6196657,769.376634,852.7347452,925.5313922,922.0147094,962.9994819,935.9006734,962.3027213,1028.937487,1096.567072,1073.739645,1155.578328,1225.313106,1274.758204,1362.441024,1480.006321,1464.639924,1494.08114,1535.091695,1542.56863,1739.958382,1561.064181,1503.419162,1756.268904,2126.492872,1815.553722,,,,,,
加拿大,CAN,9166.683666,9803.558419,10241.92086,10804.6008,10466.58262,11075.95423,11797.26259,12269.0193,12422.76113,12803.97551,13239.40876,12981.07867,13457.06579,14343.39203,14857.25859,15363.39958,15798.28727,16389.3381,16464.03951,16167.37456,16181.58875,16164.41904,16320.1273,16388.2805,16532.38204,16607.20634,16653.67705,16435.78699,16678.9326,17037.07228,16840.19375,16960.63967,17208.52352,17264.73674,16948.27522,16508.33955,16683.13366,16377.4797,15450.73069,15269.74548,15644.54028,15336.62486,15750.81163,15588.48715,,,,,,
中歐和波羅的海,CEB,2088.953932,2243.537338,2389.988868,2522.681552,2683.047695,2848.02763,2984.659292,3124.946032,3161.268299,3307.321825,3279.077795,3320.051852,3436.825561,3562.911068,3646.653521,3762.2451,3867.978457,3934.078456,3948.025175,3744.05173,3469.592191,3217.340132,3148.027474,3172.222718,3299.390049,3426.015136,3383.432546,3337.015191,3281.614517,3341.726801,3430.725054,3454.635941,3588.323461,3676.626455,3739.653466,3888.525599,3984.588999,4048.765487,3840.536028,4017.412247,4096.894084,4093.459357,4075.34293,4115.630201,,,,,,
瑞士,CHE,4615.348218,4776.267394,5010.188911,5027.119384,4878.812968,5082.900384,5324.959952,5520.44673,5779.137371,5992.333459,6119.695805,6189.342434,6330.493382,6601.038674,6854.327383,6994.485345,7163.214775,7203.885833,7369.28667,7445.292017,7538.406742,7430.297509,7235.094076,7155.485684,7283.380159,7393.539173,7341.612373,7481.433547,7646.706162,7845.634548,7992.277576,8031.432226,8195.120835,8205.829119,8305.371102,8360.576135,8163.295576,8305.923042,8021.223604,8174.408162,7928.19067,7886.094306,7807.058815,7520.166025,,,,,,
智利,CHL,761.2608064,787.8321502,757.8541894,800.571264,731.1908356,768.7176091,793.8457409,834.0573885,876.4200622,902.7659193,919.0970142,887.353606,906.4528712,966.8709669,988.1508379,1028.13528,1054.424386,1121.522649,1208.767327,1237.625161,1313.943308,1457.0893,1514.743634,1588.694784,1745.374965,1926.52999,2069.358194,2176.964529,2392.961564,2499.291178,2628.686877,2727.867469,2897.792879,3064.444946,3095.649042,3222.41447,3339.463325,3338.289965,3296.541125,3306.953699,3583.584239,3807.50765,3879.859848,3879.67342,,,,,,
中国,CHN,151.9893473,163.9119288,175.933737,174.2333537,199.0397154,204.0303647,220.6570531,246.5557723,267.3742654,281.6246873,285.8177757,299.1979219,317.0202578,336.4116413,362.8120719,391.351625,426.5544932,461.7975182,487.373173,510.6198549,548.9537531,604.6936831,662.6370456,727.1073597,770.2802412,821.0808591,852.7406865,870.6172223,913.963448,992.9433847,1076.549121,1194.856295,1379.484632,1585.838782,1782.312153,2039.01466,2325.926769,2446.369055,2612.45662,2943.589954,3295.784868,3466.019539,3757.185088,3905.317598,,,,,,
科特迪瓦,CIV,97.02115042,104.1960708,114.5251239,117.1320774,126.0056868,139.5601903,148.5804377,161.6267377,198.8049067,182.855817,188.9514849,186.5375561,177.9125943,131.8978399,151.1362339,151.6405705,170.5896363,174.947768,160.7483204,160.4209957,148.433913,153.0545186,144.2173151,146.4824056,176.341021,161.6078963,172.0346364,186.985945,175.829544,173.9932639,182.2224577,176.6528225,174.3788344,173.3953543,171.6743996,181.7123768,187.103084,195.6587027,200.5070305,215.0203108,196.9217998,234.7870172,233.1634907,274.7302239,,,,,,
喀麦隆,CMR,152.3246551,155.5225806,152.9878643,169.5807698,174.8745178,165.9621538,155.0540718,155.7674403,155.0404277,156.1229725,198.3454189,221.1237428,213.6097768,204.6557597,223.7159568,208.4559627,207.621653,209.743682,210.3133722,199.0647606,192.2900743,188.8075674,190.9967832,167.2589887,160.0737177,165.6310313,175.398921,172.4422247,177.4016618,175.2616872,165.1713771,155.0349211,167.1342119,192.3598158,186.4277865,245.6694113,253.7601808,267.1317241,264.9328279,261.4885349,256.333087,247.4253636,252.2047533,275.1979743,,,,,,
刚果（金）,COD,162.2733874,158.7965926,167.3547729,169.2836595,167.2227149,161.8388767,158.3562163,148.3788499,142.9261789,150.9167395,135.6492371,130.3518349,138.0446276,141.3477896,148.1532449,150.6654456,145.8353725,145.8831066,169.4916926,130.8793768,125.4865179,115.2303414,102.5869983,101.3092871,108.8843077,104.8477429,95.39739839,93.40028961,95.16630311,96.56978765,95.5428467,89.73030179,90.20801962,88.18729489,89.45733367,101.7709237,105.2457136,101.2064072,106.7918735,104.6560836,108.0216267,112.1836565,117.0283067,108.5167041,,,,,,
刚果（布）,COG,56.37345879,57.58935237,62.81788612,63.67057515,66.37781471,68.88440754,70.5860112,72.13863018,75.86001222,83.24277869,69.92132212,104.5163255,99.4612601,149.2242841,112.9334063,176.1064289,179.6143266,168.0512597,170.0709196,173.9691268,184.9472735,177.5139612,160.554401,144.3579774,151.4294199,154.3533939,129.0420234,110.7854553,69.11459595,95.60596274,104.7257088,115.3947467,114.766585,105.3990522,117.3133855,125.7628881,125.383018,135.3612763,144.7387466,140.1583345,147.6731132,214.6247714,213.0763092,202.8725144,,,,,,
哥伦比亚,COL,414.7885408,400.3743222,432.7127541,472.3347689,454.3433168,469.4388864,512.9041877,568.1661639,607.3044666,637.2742106,634.2600513,659.3522186,664.0620769,720.3584712,755.1952687,809.3226591,785.1153264,804.6186904,851.4827869,871.5939841,871.1924358,778.7042501,872.8096263,910.2888791,920.4743646,911.0920112,917.7494644,894.2687274,827.7292398,845.5975169,865.909134,873.264416,876.4128864,912.1837359,909.2160143,961.0447708,988.5793229,988.4539075,1065.607653,1094.560942,1139.659863,1170.073931,1310.664698,1312.199493,,,,,,
哥斯达黎加,CRI,605.4616012,651.6919817,676.0276674,718.8178482,731.0716431,766.5167607,797.9622945,849.9113885,858.3857019,931.3912751,963.1074856,933.676474,918.6217588,989.783126,1007.410699,1077.130286,1144.944496,1142.545658,1076.664643,1071.988654,1121.769798,1405.435833,1332.918977,1267.480989,1281.333873,1249.87577,1359.791683,1313.391307,1435.363105,1506.926791,1485.842848,1558.430031,1643.590992,1679.464616,1721.151118,1822.838339,1885.517635,1889.035996,1845.052324,1887.983299,1885.352441,1942.831521,1939.853369,1942.4906,,,,,,
古巴,CUB,505.8588171,514.9940495,547.238754,571.4014129,622.6683679,670.4914474,720.7026395,787.5324299,862.4378884,840.0463092,963.0371725,1006.809242,1051.265551,1116.366588,1002.781764,1073.557914,1091.317918,1147.389103,1185.266481,1212.325844,1048.855983,904.4943056,840.1833222,898.4670425,919.3399929,974.469538,1040.243937,1045.412388,1080.500976,1137.921864,1157.848199,1185.124839,1193.40807,1175.339227,1155.077091,1227.218208,1302.448459,1323.398868,1334.763138,1303.154964,1332.512094,1379.216979,1435.557838,1450.882819,,,,,,
库拉索,CUW,4091.214405,4312.504231,4478.871706,4576.982966,4640.27788,4665.359206,4623.341518,4725.598452,4815.659008,4877.02731,4857.733013,4950.000333,4961.662885,4574.174016,4230.212624,3438.96975,3829.495035,3939.592909,4253.523619,4662.998624,4771.369016,5162.877314,5537.113909,5883.979811,6090.713041,6301.860484,6280.791529,6769.477823,7000.028689,7291.199761,7222.174867,7282.999884,7521.02019,7571.241207,7613.070072,7243.041936,7323.540845,7149.712092,7423.399372,7471.268233,7379.119677,5062.858345,4934.274681,4797.670436,,,,,,
塞浦路斯,CYP,990.5614792,1133.754351,1218.696121,1043.090537,1029.622026,1139.121918,1217.091572,1284.806752,1358.803547,1415.215463,1436.510585,1536.75786,1655.438309,1684.06871,1766.392779,1872.714383,1950.554616,2091.038948,2295.474427,2430.160602,2481.098068,2837.83615,3004.580153,3058.162427,2784.691445,2816.495044,2866.953175,3097.797977,3178.017578,3373.306986,3455.26381,3703.294274,3918.225536,3946.912639,4099.616896,4238.131129,4377.141095,4554.498654,4577.04248,4585.585156,4239.7254,4035.078755,3587.832841,3624.933502,,,,,,
捷克共和国,CZE,3424.202043,3595.796844,3729.994741,3860.355236,4031.268703,4173.440113,4292.927434,4499.956942,4392.392362,4585.123745,4639.733778,4675.599957,4812.155458,4959.820286,5141.665211,5259.312138,5447.305282,5504.923287,5576.934733,5600.407612,5256.302082,5077.660185,5032.403649,5186.969442,5470.670661,5729.386255,5660.060028,5604.80954,5493.85153,5703.816739,5892.172595,5894.233119,6074.849142,6230.398228,6357.421095,6528.53015,6518.217413,6489.126257,6139.35206,6348.424398,6298.727678,6304.571923,6284.790806,6258.891037,,,,,,
德国,DEU,4064.454716,4335.769625,4654.985048,4803.423204,4743.944833,5146.932578,5285.260786,5574.745217,5786.127216,5797.499753,5832.064871,5822.027359,5965.458193,6239.971816,6448.539859,6530.238714,6666.219595,6776.307912,6835.329908,6639.731691,6564.797195,6445.874,6288.41635,6244.957228,6327.709754,6403.333726,6427.798768,6479.490249,6505.132999,6635.421406,6762.653396,6900.780527,7009.726492,7108.962524,7138.221485,7212.437448,7229.089913,7187.764009,6817.158398,7264.322591,7281.272174,7270.152523,7217.529089,7035.482975,,,,,,
丹麦,DNK,3059.362184,3346.825344,3428.211175,3245.993249,3414.520001,3793.718246,3999.670625,4314.445536,4541.900301,4599.234008,4589.996977,4678.954475,4739.654345,4979.635611,5351.125048,5618.554627,5794.394565,5858.057563,5853.960005,5944.828367,6217.335513,6236.258477,6306.869562,6539.535706,6424.537292,6646.685948,6607.201412,6504.256329,6508.513381,6482.488628,6490.092993,6533.752014,6602.63638,6615.569959,6659.000427,6824.745939,6668.390266,6534.12385,6219.701092,6327.506456,6165.97362,6038.552307,6039.432,5858.801536,,,,,,
多米尼加共和国,DOM,327.8439109,308.6975319,400.2489528,364.7650157,402.7498954,381.5558951,421.6369277,409.5966565,471.6314976,441.2528134,443.0671365,328.1271914,366.1492886,444.5841283,476.7776637,484.9198124,478.756837,381.2957879,335.530333,391.2530345,401.3527155,544.6565013,512.8227553,531.1238443,501.7112279,639.5259209,643.2135344,1101.233233,1280.790019,1327.774654,1288.233118,1390.376636,1365.261832,1128.537879,1234.657197,1330.233685,1359.052972,1377.86965,1325.712644,1394.82587,1428.073703,1499.358166,1551.716691,1615.514607,,,,,,
阿尔及利亚,DZA,133.8734622,142.8759089,158.7540948,170.6605318,195.6922889,220.0657985,233.1242419,278.9705996,314.5679214,330.3044758,363.4429004,406.0548672,417.498445,441.2877331,466.4867144,485.2745513,455.4079792,481.8873522,522.1421074,531.5838364,532.4905604,559.7830129,547.9904718,550.9719596,559.9178908,570.5174344,575.6988708,618.4928501,652.8013246,683.2948063,709.0914831,730.808966,786.4144235,804.1073343,890.6259238,862.4295937,894.2845864,947.2913284,866.3073024,1016.636782,1123.332915,1237.966109,1278.915242,1362.871884,,,,,,
东亚与太平洋地区（不包括高收入）,EAP,143.1548488,154.2828447,166.6529622,165.834276,186.076352,191.4812039,206.0069518,227.5009073,245.2658127,258.3399443,261.2449989,273.2725572,288.9505806,304.8010251,328.6649084,350.5174372,380.1361827,411.9078096,437.386599,460.0592473,491.8260812,536.2555572,583.6965551,641.6868965,680.0113863,727.6741359,759.6756202,771.687507,807.6288584,874.2819885,939.6999946,1029.55246,1168.008014,1324.419036,1468.433064,1655.518859,1865.200124,1954.600047,2082.748902,2331.378972,2577.5033,2712.807739,2923.751121,3037.306668,,,,,,
早人口紅利,EAR,194.1592666,206.7466423,218.5100109,229.3979612,243.940617,260.2875632,272.0144249,288.8629812,310.2678224,327.2820211,344.3140597,358.9129792,372.4109887,398.2854318,412.3822545,431.2644162,451.9088346,473.205316,489.9763133,534.3885283,552.7035507,569.724312,586.604727,608.6595889,625.5506753,651.9431193,677.5233259,695.3948897,708.779759,731.2366126,738.6082542,760.3447382,795.3270158,820.8886641,853.2324421,894.6759804,928.9659283,949.0268459,963.5254539,1017.941909,1068.484877,1095.423667,1120.281666,1151.514767,,,,,,
东亚与太平洋地区,EAS,471.9816268,510.2016798,551.5261259,545.7720653,572.7271584,602.638035,631.5126107,673.2314607,708.2207461,711.7723315,718.3258396,726.2787148,763.7783273,800.0587713,834.8997944,861.9219017,918.3469716,973.6437089,1025.66401,1094.997359,1141.965727,1187.061012,1242.290227,1333.723387,1387.090782,1449.429228,1499.003485,1513.025349,1565.310442,1664.544857,1726.611051,1825.378015,1947.981576,2113.36444,2260.04056,2433.520338,2645.087857,2699.324582,2794.557279,3075.400239,3273.045582,3386.163086,3571.565901,3665.128298,,,,,,
欧洲与中亚地区（不包括高收入）,ECA,,,,,,,,,,,,,,,,,,,,4539.933136,4398.243506,4082.465905,3784.113783,3474.225586,3420.720183,3351.739946,3281.528042,3231.270631,3258.962467,3358.736515,3401.986745,3424.182651,3548.354989,3649.190943,3740.304428,3926.645108,4040.206908,4111.826445,3893.648357,4105.188502,4204.256107,4270.709825,4233.117818,4260.77205,,,,,,
欧洲与中亚地区,ECS,,,,,,,,,,,,,,,,,,,,5058.46687,5025.52101,4871.550992,4716.027915,4603.025765,4650.42995,4696.299891,4706.524978,4747.806956,4817.780301,4946.269183,5037.71723,5083.836362,5197.762327,5304.443191,5383.679298,5499.398228,5557.77447,5588.816998,5300.515461,5533.995341,5494.45974,5526.173606,5463.899376,5376.771246,,,,,,
厄瓜多尔,ECU,144.5396428,149.4701586,163.2692552,174.3279079,196.1588607,223.2952141,251.9057824,291.597982,327.0780828,359.6114644,384.3785437,403.7150825,408.5989439,411.7165414,397.5248453,417.972337,451.8836818,451.8441556,445.8624862,480.6991661,508.9531836,522.4833478,517.3580892,549.8751383,552.1507472,612.1418908,654.7318875,686.5626933,634.7798432,634.8806805,646.8617834,688.4790274,715.7988397,823.8216174,794.5268276,862.4847513,952.8170215,1077.413327,1104.950911,1137.95685,1212.026987,1277.037196,1329.367238,1376.393633,,,,,,
阿拉伯埃及共和国,EGY,204.3503459,200.5391845,197.3626207,217.7513696,240.2129252,273.9282573,308.4087963,322.4413147,347.1467356,381.9985669,418.0394766,458.0878997,503.4638122,521.6741278,497.1098928,590.2293885,620.3875327,635.1026362,657.3438163,677.8187195,694.3197398,698.2653157,714.4043312,726.9402658,745.3393231,803.438503,842.1496249,885.3137569,941.8565261,976.9646224,1028.770654,1078.952963,1146.635584,1190.272786,1261.963549,1333.29136,1424.56825,1470.56458,1537.256725,1576.039626,1685.818794,1685.468926,1684.911332,1683.213258,,,,,,
欧洲货币联盟,EMU,2823.748208,3033.01888,3264.667922,3380.22009,3334.308975,3626.349115,3717.687451,3916.025286,4113.19741,4203.013951,4244.546422,4253.740691,4355.293345,4557.444412,4738.762303,4849.871938,5003.963172,5141.966809,5283.30572,5303.916878,5401.436123,5414.960106,5357.577617,5442.35711,5563.799329,5700.486869,5796.332177,5929.481799,6061.783309,6236.133577,6377.487393,6480.539308,6619.3647,6741.623103,6784.978355,6856.028363,6861.332317,6853.877451,6496.23453,6773.187452,6643.921905,6637.191565,6536.964721,6352.829899,,,,,,
厄立特里亚,ERI,,,,,,,,,,,,,,,,,,,,,,54.48280536,57.17780197,63.55829062,67.14371977,76.94174326,84.27508847,73.8746913,78.66231164,75.03011019,81.6938074,87.05959834,89.58189477,86.4031261,85.61362148,79.50081711,81.76096431,79.01313251,83.33547014,85.79258948,89.29768769,92.92010348,95.07983201,96.63457996,,,,,,
西班牙,ESP,1534.982698,1703.508295,1873.677422,2024.095268,2054.343236,2256.141019,2294.473888,2399.030102,2528.949623,2644.222979,2671.283289,2658.241671,2792.159863,2903.337939,2975.08323,3004.279632,3094.082265,3217.948159,3442.948711,3536.749972,3607.700136,3690.591004,3638.526631,3756.039201,3917.324643,4008.939416,4324.420646,4479.047315,4820.675034,5167.809673,5422.51569,5576.546265,5676.140491,5892.307411,6111.219223,6105.075849,6054.374438,6025.772757,5652.595933,5706.563063,5599.377374,5573.401182,5409.411338,5355.987006,,,,,,
爱沙尼亚,EST,,,,,,,,,,,,,,,,,,,,5755.894502,5617.063576,4933.823237,4049.853828,4354.830108,4244.644078,4556.391169,4811.598138,4733.954908,4460.368108,4540.492561,4680.447946,4767.462935,5158.602778,5429.525522,5531.545829,5869.424789,6277.411463,6364.56783,5975.953811,6506.318181,6314.414448,6689.367776,6664.658569,6732.367473,,,,,,
埃塞俄比亚,ETH,18.87266592,18.71217813,17.75319324,17.01120477,16.48915746,16.02866396,15.03994968,15.73839504,17.28147044,18.06969913,18.95258827,19.67820406,20.44953371,21.38448217,19.90054842,19.89720366,20.33269083,19.30415449,18.71529728,22.59445107,21.9310729,21.721548,23.36029668,23.66756974,24.08502075,24.50600322,23.93840544,23.80505808,23.00172227,22.75582252,26.570061,26.23246613,28.62662281,30.77876001,33.53141756,37.4828615,39.56648274,40.99317774,42.15457735,48.29988402,52.5516284,57.21096369,64.05566078,69.1987454,,,,,,
欧洲联盟,EUU,2763.649791,2967.140067,3185.020915,3298.251167,3308.574105,3581.826042,3683.42068,3873.348704,4038.282511,4132.708522,4163.957691,4187.173599,4313.492957,4516.971492,4698.912875,4808.566121,4966.740879,5088.165895,5191.760501,5133.809629,5150.269893,5110.251847,5065.952552,5133.287462,5256.127078,5388.292138,5448.752482,5541.759681,5624.428405,5780.19697,5916.933866,5996.401144,6127.244174,6242.218406,6295.437647,6380.760811,6405.551732,6409.244151,6082.503346,6350.408044,6247.777225,6248.063856,6160.732414,6021.86082,,,,,,
脆弱和受衝突影響的情況下,FCS,139.4461775,150.3728709,160.8187277,169.123341,179.149428,189.880513,200.9565348,216.6807648,244.5617914,266.1566199,273.7959924,286.3244492,303.9477153,314.6488824,327.8474493,333.4608725,343.9871384,352.8039892,348.7816362,406.9645244,403.8721309,403.2783598,394.6858159,390.7747187,394.8282095,397.8301352,402.7032703,404.2409195,404.9711644,405.1643706,416.081377,431.5689008,427.2754189,455.3318433,452.0935979,471.5733702,462.5982697,454.7831395,448.2124625,493.8352826,494.9325798,468.4064842,477.2186209,441.2406673,,,,,,
芬兰,FIN,4889.504272,5516.140525,6046.830306,6140.186681,5946.377328,6545.746799,6726.663687,7330.414466,7930.631374,8295.786096,8493.605369,8533.161741,9124.164631,9808.466257,10482.83161,10622.88818,11358.39475,11778.27227,12034.75727,12485.68365,12470.73043,12514.10157,13012.66943,13603.27636,13591.39667,13721.92376,14454.93873,14846.42082,15075.86719,15305.40981,15709.88325,16140.06697,16445.57256,16777.56585,16117.89033,17215.03729,17160.86312,16349.23333,15243.11039,16484.09428,15710.97376,15689.22331,15510.8355,15249.98938,,,,,,
法国,FRA,2751.887865,2929.641385,3162.772697,3265.249154,3254.579569,3594.612346,3690.700485,3932.760312,4204.00855,4421.978296,4580.565156,4618.465463,4710.625087,4944.666247,5259.457454,5510.044681,5651.90345,5738.063612,5860.438967,5969.017364,6359.774498,6475.788028,6453.001533,6530.411009,6621.941415,6905.165331,6833.137438,7015.50207,7149.298107,7224.526985,7342.256436,7299.248579,7529.551025,7661.490447,7652.863698,7540.29589,7513.57933,7643.451037,7338.042919,7734.727021,7232.978684,7363.423235,7367.843768,6939.943525,,,,,,
加蓬,GAB,186.4777026,214.1555161,260.068003,299.3356324,384.5334173,489.8714541,649.154768,624.207098,728.0032958,724.1837444,792.2706611,863.9512417,922.1280113,977.4976805,1030.096469,1032.877989,1010.446622,998.3616629,834.6739359,919.438058,906.9620869,885.7210398,867.1847764,766.1371177,771.4634117,849.0993258,856.8935244,918.7555179,903.2090191,880.0358853,899.8352952,926.0193587,936.4019437,915.9484351,916.1842436,945.3593484,969.7364802,981.8654522,942.6836847,957.4262412,966.9784861,988.7539243,1079.760273,1167.851594,,,,,,
英国,GBR,4254.652412,4372.636946,4671.718297,4534.254275,4492.421629,4587.688515,4668.423169,4729.849387,4922.915733,4683.932739,4572.953846,4480.335413,4549.175288,4597.739693,4826.714526,4953.653576,5082.439806,5232.737649,5295.224527,5356.57521,5451.677171,5452.393333,5491.989118,5380.264265,5575.808489,5815.828404,5831.957547,5908.87149,6007.484416,6114.529259,6141.982551,6142.749834,6174.550896,6138.754137,6270.984059,6200.554113,6102.396768,6015.726861,5643.128595,5700.855864,5471.933475,5449.259473,5409.626422,5130.390253,,,,,,
格鲁吉亚,GEO,,,,,,,,,,,,,,,,,,,,3039.150354,2696.705887,2125.166718,1936.836961,1988.595713,1492.360429,1150.78949,1331.520883,1517.812559,1563.795947,1574.391404,1583.559873,1653.380721,1749.863857,1814.45966,1916.479029,1769.171675,1829.976908,1881.537211,1833.044561,2049.544524,2289.134849,2329.92587,2498.340357,2693.97276,,,,,,
加纳,GHA,308.0267377,341.4000979,386.367505,393.5748723,371.5221372,384.051085,393.5374437,323.7879317,390.2707907,416.1499088,409.9297101,370.5629645,163.7088412,92.78023844,162.9429292,258.1117779,287.1158479,303.0032092,306.2687059,323.5572562,336.0215054,350.9154114,336.0701559,336.1374576,349.534485,361.8037826,386.7892622,270.3577389,354.6071205,326.1605334,332.0354089,305.9806851,217.9244761,216.901507,242.7726544,293.2205767,241.2912833,261.2902689,260.105698,277.4861626,315.1524519,342.200517,375.9446394,351.3014757,,,,,,
直布罗陀,GIB,1551.349674,1533.06306,1584.786054,1539.182226,1629.96474,1656.781205,1621.01363,1621.228163,1723.452207,1729.41333,1805.899271,1919.321166,2001.288966,2014.752083,2092.552571,2165.246082,2129.559662,2263.064052,2638.160825,2538.680572,2997.829158,3328.248509,3486.750349,3600.769096,3660.066927,3693.47601,3672.969664,3740.190349,3800.039311,3893.053634,3860.270852,3894.444964,3993.119548,4008.502885,4244.175546,4368.641532,4474.406395,4795.948764,5035.456767,5121.333929,4939.300167,5081.270615,5431.234048,5692.9372,,,,,,
希腊,GRC,1198.273906,1360.952444,1547.974787,1562.259053,1655.770974,1802.865648,1895.046441,2100.963535,2180.607185,2247.445036,2263.768905,2270.490881,2424.586612,2561.692581,2666.317707,2724.231939,2859.129882,3097.544352,3205.114863,3221.40532,3253.220687,3398.383758,3459.422977,3598.523798,3708.997588,3832.66722,3989.116107,4175.734566,4316.32629,4586.32987,4719.147217,4909.639698,5091.292424,5200.024354,5297.200025,5434.576469,5701.330854,5805.192546,5627.883706,5333.439556,5389.333122,5534.897159,5028.995794,5062.606422,,,,,,
危地马拉,GTM,123.4443551,142.7383648,151.0634354,127.9548905,169.7886743,203.0308535,214.8871912,220.0575777,226.9148714,266.1695073,223.7248462,194.9699408,167.7702834,172.2325418,180.7450348,150.1556894,171.1382228,168.0999719,191.6875946,205.1907628,210.6097852,260.8953951,246.7668285,269.9869549,299.121611,261.9355787,242.7615981,317.1221998,365.5708147,332.1897665,359.5987555,364.8481937,453.8742172,486.9064354,486.1645073,540.4390869,552.4961496,540.8572883,549.9211082,556.0430604,550.2869363,550.2659935,578.9026189,601.1897311,,,,,,
高收入国家,HIC,4209.369509,4509.448168,4812.594263,4831.968282,4853.493071,5150.774672,5339.441138,5541.924613,5716.886009,5783.856129,5847.21684,5744.414367,5918.38744,6227.521883,6405.994204,6502.397169,6780.065703,7025.052431,7204.860732,7312.780701,7489.401386,7495.877548,7598.577286,7768.238762,7957.396712,8132.990539,8244.166518,8399.518289,8551.983048,8832.538043,8747.589973,8898.683754,8978.299991,9109.554197,9274.305337,9287.832262,9380.785535,9337.879082,8933.637188,9310.123949,9193.713543,9130.218512,9130.010652,9065.866211,,,,,,
中国香港特别行政区,HKG,1297.802388,1311.960423,1416.446624,1351.363699,1439.393939,1610.004427,1804.873792,1950.723085,2003.164493,2156.583911,2229.617625,2361.477823,2624.83396,2786.453991,2918.331439,3196.792528,3845.354359,4072.073353,3936.723998,4177.929705,4401.251739,4507.887251,4698.695136,4835.470723,4849.823752,4915.701966,4968.486586,5325.733148,5268.145009,5446.661665,5549.945638,5647.899646,5713.882451,5782.560625,5878.441848,5882.807601,5907.349305,5883.037742,5950.83754,5973.349278,5959.895922,6031.244318,5941.160902,6083.269936,,,,,,
洪都拉斯,HND,126.5132901,126.9906478,143.4837173,148.4026288,155.7122615,162.4043222,181.3396166,181.6025091,205.7947195,210.6966474,224.3652783,221.1913031,231.4370954,238.2749471,282.6332166,279.3479764,326.2723189,337.8217298,331.4851031,367.8887785,351.6655768,328.5235678,341.8349642,304.5610815,353.8266705,401.3744095,414.0129917,443.2187293,444.7299887,488.401417,495.4152246,516.6491636,540.2231224,538.9297446,573.402644,583.9439005,634.9474676,656.0618372,624.3574235,617.8563738,663.9805581,636.6388248,643.17606,619.837087,,,,,,
克罗地亚,HRV,,,,,,,,,,,,,,,,,,,,2966.277666,2608.859587,2227.798396,2218.254989,2203.127069,2314.703584,2405.039875,2609.968864,2631.430882,2778.887634,2828.815062,2993.272463,3191.409738,3257.889868,3429.354644,3582.246073,3744.468715,3846.674077,3990.29632,3818.422501,3922.310867,3900.601361,3819.280253,3754.268698,3714.382988,,,,,,
海地,HTI,12.4023186,17.15821153,20.1275763,22.98295584,29.63940038,26.96644623,30.59706778,34.60386897,36.0495034,41.28881348,48.15214415,48.55992743,49.57352721,49.88146292,50.96827895,54.17889872,52.88013946,54.3042238,56.68510987,58.82423985,44.99477684,40.30334896,28.54966113,18.67851358,30.21495617,33.85183698,42.08837538,36.94334212,39.18707259,35.79951421,35.19650219,30.61405862,28.7636959,28.29641646,37.3017096,37.66807237,25.48619659,23.73900775,35.92553046,24.52429403,31.28613747,46.14219092,43.84332089,39.05580876,,,,,,
匈牙利,HUN,1711.303273,1827.765553,1955.511162,2070.195596,2148.374962,2284.247364,2418.569217,2611.180607,2638.695714,2697.756594,2738.55641,2833.487537,2950.662723,3103.834377,3194.094911,3268.312011,3424.657212,3426.229844,3484.352137,3426.551101,3223.918869,3116.012869,2995.986589,3025.71071,3066.522154,3162.374877,3188.381968,3215.679628,3321.406628,3309.283711,3426.722902,3545.170756,3637.278332,3680.168467,3771.364614,3882.490664,3976.518977,3988.767694,3773.153807,3876.491084,3898.823143,3923.042324,3892.113701,3965.958233,,,,,,
只有IBRD,IBD,249.8492798,266.8080596,284.2659151,295.2477849,319.1221913,338.2932159,359.4047883,385.6998416,409.3693061,430.6380677,438.8182066,453.4405795,474.0628321,503.0088291,525.3519007,552.7971476,578.2720343,606.774169,626.502089,1022.425167,1024.764005,1014.598647,1012.797833,1015.550386,1038.732636,1065.906319,1086.983695,1095.827535,1116.873064,1166.548371,1192.971842,1246.129502,1335.913754,1428.468991,1512.498983,1634.502933,1756.690118,1812.947648,1853.90228,2014.251816,2160.293327,2235.934158,2339.71743,2402.897158,,,,,,
IBRD与IDA,IBT,224.2287866,239.4291075,255.109292,265.0484317,285.7915255,302.2727078,320.0085587,342.1961401,362.6235234,380.681843,387.4882024,400.8072562,417.5406817,440.9093557,460.9566871,484.4860147,505.9752678,530.2208139,546.9901892,897.3935728,898.0532229,887.4653287,883.0422269,883.637544,900.0673114,921.0858907,936.6937084,941.249463,958.289794,996.2287116,1017.114184,1059.876495,1132.194618,1207.791508,1275.312625,1373.076577,1468.902795,1509.264971,1539.543922,1667.760687,1781.13716,1834.724966,1914.248553,1960.437215,,,,,,
IDA總,IDA,77.88557594,83.26318212,89.146897,93.71465557,97.65082787,100.2929018,100.8467354,102.2417017,107.0634011,110.1045744,111.9718667,120.7869028,119.5484938,116.6362766,127.61994,133.9947214,138.1291301,144.0115989,149.5066285,256.7040636,255.982621,253.2426799,243.8116762,241.7445066,242.4490053,242.3200858,240.237806,232.8203407,239.5111582,243.9922839,249.4777266,256.4121204,263.717481,278.1643766,287.8998658,297.9408674,299.9658717,290.9321587,293.6501952,311.3017537,314.0454865,311.9850795,316.7300607,317.3708334,,,,,,
IDA混合,IDB,89.86692379,98.02146563,104.5980379,108.6708003,118.9761734,122.4517543,122.6765909,125.978612,135.0706463,138.9960147,139.6338788,157.8651295,160.4147657,156.5441911,175.7849953,184.1322495,190.9792007,200.5149169,209.6523992,374.5396232,377.4628693,373.8327287,367.2536205,361.4456459,359.1263943,357.2026092,355.9855012,341.1986872,341.3767422,345.7049945,345.0516423,355.8486265,362.8324212,376.8175847,387.8614201,394.1727197,391.0157368,366.5898875,367.3416093,376.8760092,377.062065,374.6738208,383.9861086,380.8000663,,,,,,
印度尼西亚,IDN,14.35356213,15.89855125,15.82129515,19.18817944,21.44922209,18.33288123,21.72961991,31.7589605,38.68485546,46.17226185,52.27966711,61.43010568,66.09739703,71.4447774,79.75999775,92.0568115,104.3547606,119.5364257,137.5125823,162.5238286,177.9547235,194.3328091,212.8517054,240.0454321,263.6209707,297.2017716,331.2980234,331.1125699,357.0210145,390.4236575,411.4679009,417.4959637,428.8558214,474.3743828,500.6507859,516.0339127,546.153483,570.0604734,593.9429677,635.9852472,680.2820222,733.3738901,773.9908142,811.9098582,910,956,1021,1064,1084,
只有IDA,IDX,70.79686292,74.51154644,79.9549353,84.78181401,84.85580833,86.92977786,87.60890689,87.76628176,89.89303291,92.308212,94.86455706,97.77918961,94.11443949,91.72457285,97.45833603,102.4870349,104.7940888,108.2536684,111.3560659,177.7141536,174.6184902,173.0299848,161.8386152,162.3546424,166.8090788,167.7681275,164.9673593,162.1652839,172.9602274,178.9861837,188.3204369,192.7254362,200.1873315,214.8687487,223.6756241,236.0020414,241.2316597,241.9964398,245.8400193,268.5814493,272.8106396,271.3839949,273.0035208,275.977865,,,,,,
印度,IND,97.77271821,100.3050738,100.6321541,103.9926579,114.5589276,124.1236916,126.256734,135.9176407,135.7417737,141.7077015,151.8790588,158.0999117,165.687486,183.3018723,193.5348535,207.976493,220.220743,240.0256187,257.0397371,272.0634834,290.8995799,304.4318305,320.5507448,341.2313623,358.7622129,359.8162707,375.4850529,385.8639858,392.039693,393.6462478,393.8101981,410.6447839,430.4831633,451.6115461,468.025754,509.2140548,541.7383952,561.2475814,598.4982419,640.3946068,696.8426815,723.2369166,764.2011341,804.5163493,,,,,,
爱尔兰,IRL,1884.661018,2021.173255,2143.262205,2246.055777,2175.228481,2377.66557,2535.799159,2693.520771,2935.012968,2868.319269,2827.396467,2794.193585,2852.788697,2962.272638,3114.964549,3271.472926,3414.634284,3427.283629,3598.11097,3767.529299,3897.873231,4104.900195,4185.097229,4351.064203,4525.275566,4787.890617,4976.632824,5201.610905,5433.864939,5796.055581,5896.939225,6035.686646,6092.548994,6168.398988,6241.715574,6351.099111,6218.313404,6340.733045,5947.909489,5927.86868,5657.538159,5651.008483,5698.756179,5672.064134,,,,,,
伊朗伊斯兰共和国,IRN,274.1313542,315.5081272,383.5859387,421.2797258,458.481654,490.6329598,514.4090713,511.9183769,555.681699,538.1596039,557.4390451,612.9083192,681.9696698,716.9781877,749.4847055,758.6845405,807.6566799,802.150644,860.3114753,940.8828111,994.5729839,1065.168416,1113.476427,1157.55564,1184.079634,1278.579397,1328.965873,1380.216757,1466.847477,1546.506347,1643.979857,1745.26785,1888.68811,2009.520375,2079.560256,2221.196825,2307.290873,2422.580797,2505.854213,2659.955255,2681.504789,2784.621808,2830.811233,3022.121939,,,,,,
伊拉克,IRQ,259.3640919,259.9139727,305.2720473,323.7252413,365.2677602,412.3899268,485.1525739,578.740872,726.519516,792.0401648,734.4001384,899.4304923,1037.821283,1216.953133,1280.807868,1330.817981,1312.167406,1339.36749,1333.337884,1308.907061,1096.176368,1310.45703,1325.870992,1374.047896,1419.748595,1376.456696,1360.101334,1318.602011,1278.831769,1240.978383,1240.696429,1264.924541,1040.105944,1202.257155,836.5190777,981.8521659,782.0504727,769.3652084,863.1092566,1237.039488,1314.226173,1141.140994,1427.720026,1328.230493,,,,,,
冰岛,ISL,7001.523547,7650.487479,9895.580665,9962.408635,9588.079586,10002.08945,10631.24721,10986.99544,11841.31836,12680.9212,12918.46331,14038.31352,14642.77124,15239.38358,14771.85642,15350.76898,15268.9143,16353.00713,16424.62785,16148.27372,15931.13962,16099.9322,16737.13148,17066.32183,17396.4736,17358.58037,18957.83541,21321.16024,24522.22755,26201.52558,26950.39443,27896.89868,27666.38689,28215.45225,27988.02968,31328.3868,36852.54489,50063.95433,51259.18763,51439.90869,52373.87701,53202.83366,54799.17471,53832.47909,,,,,,
以色列,ISR,2288.693385,2497.141042,2497.559487,2518.21143,2624.891462,2718.086612,2831.995572,3011.924119,3049.392499,3022.17638,3067.492417,3173.902258,3313.276492,3359.461409,3485.235058,3407.071412,3756.466011,4026.114363,4228.419655,4176.180258,3981.208325,4568.416943,4618.893746,4934.247083,5127.86294,5340.302178,5488.519534,5819.460727,5974.367347,6323.103832,6400.217425,6502.739726,6597.306307,6525.921574,6572.199535,6711.229567,7003.24508,7134.002846,6607.887143,6953.276667,6930.000773,7184.501612,6710.093678,6600.89828,,,,,,
意大利,ITA,2152.773938,2295.493059,2457.726839,2537.285386,2476.362214,2710.457936,2776.818135,2891.044192,3040.959609,3104.854578,3096.934737,3132.771223,3134.392335,3304.327409,3391.669627,3490.343116,3662.666562,3825.917783,4007.179517,4144.907442,4224.740106,4310.537968,4303.645312,4439.319253,4597.892598,4658.700157,4791.285246,4955.721944,5079.492406,5299.856479,5406.491722,5539.703837,5652.519542,5687.997573,5731.101557,5833.467297,5804.325964,5757.960611,5368.390567,5493.711037,5514.803615,5397.741477,5159.183655,5002.40668,,,,,,
牙买加,JAM,815.0057686,966.8805931,1001.027973,1045.882202,695.7528504,736.1201457,756.4311061,756.4450974,685.0201427,661.1680296,645.903972,769.0028298,741.2836444,593.574223,580.6012391,607.251825,642.8391008,613.9578098,579.5801393,867.8040961,713.3109146,1446.538811,1525.809361,1696.663507,2051.146444,2104.641115,2159.127587,2237.747013,2263.855384,2276.341791,2277.633504,2345.476509,2408.61758,2380.168637,2397.080292,2371.829362,1926.86371,1160.370959,1222.17338,1216.169287,1204.91222,1037.60281,1013.044345,1050.732539,,,,,,
约旦,JOR,130.9976326,153.4032973,173.4718439,188.7699323,213.9486794,254.8064695,222.5422957,256.4863338,325.6457773,365.8541201,420.7118428,496.9719429,622.8913313,704.2665769,744.8134604,777.0386569,853.502778,853.6636295,861.933797,933.8487356,900.6797779,997.8210846,1021.287574,1052.069028,1108.776463,1154.061994,1159.937763,1222.902624,1250.25985,1289.605944,1324.049398,1401.594805,1442.206125,1551.904299,1578.315951,1678.865241,1784.729405,1847.639729,1812.205491,1845.338338,1846.700017,1917.808524,1854.327366,1864.932387,,,,,,
日本,JPN,3415.688241,3737.265366,4067.364567,3967.084839,4041.918744,4310.467746,4444.420051,4669.497794,4861.920787,4716.677939,4753.852169,4695.391627,4958.937866,5182.082393,5324.13913,5328.229697,5640.965356,5906.475877,6239.30478,6808.79185,7006.59869,7023.532248,7077.361831,7509.530429,7693.692617,7835.41274,7991.00407,8003.955696,8147.38887,8299.409506,8162.014644,8266.099102,8164.933682,8393.257723,8539.010589,8542.478139,8710.025703,8270.007731,8020.273806,8594.909034,8099.598695,7998.346771,7988.58331,7819.714636,,,,,,
哈萨克斯坦,KAZ,,,,,,,,,,,,,,,,,,,,5905.00367,5641.419303,5354.491838,4527.897268,4327.140626,4040.972309,3636.54991,3173.647755,2948.716928,2838.353326,3169.523341,3512.035501,3558.327279,3768.792568,3859.192816,4012.073919,4261.212294,4487.28613,4658.571898,4447.324403,4728.011591,4892.734896,5180.65351,5345.468427,5600.208465,,,,,,
肯尼亚,KEN,77.60577394,82.00183269,84.67717007,86.94428019,89.86514189,95.8410381,97.41177728,100.3592084,103.8121137,103.9762985,107.7129631,106.2226754,105.5786317,107.1219487,112.1392189,114.8257054,123.7015372,117.1362688,120.0344206,123.5006369,124.8281421,124.7330815,127.1415829,124.5245544,125.6828966,127.8443353,125.4093908,126.0475533,116.5641219,104.3968793,113.8862396,113.1200738,118.689293,125.8584649,128.164183,135.8600415,139.4359842,138.8721909,139.7982553,147.8443701,148.7090613,150.4392902,160.9842323,164.3252601,,,,,,
吉尔吉斯斯坦,KGZ,,,,,,,,,,,,,,,,,,,,2330.570231,2322.340712,2328.254418,1914.229415,1896.303515,2074.37944,1965.690087,1802.870284,1684.000839,1795.306173,1696.064021,1445.875715,1365.94065,1644.359844,1417.908986,1374.307519,1377.433696,1456.229595,1378.720364,1323.723367,1371.721214,1649.258332,1809.102582,1887.020071,1941.221832,,,,,,
柬埔寨,KHM,,,,,,,,,,,,,,,,,,,,,,,,,13.51332963,20.03110466,24.25080501,26.63675994,30.20242185,32.74307766,36.5163234,50.32553739,51.49278117,55.71510296,66.75026774,80.72590994,100.5851409,114.5936984,127.9303627,144.2824498,165.1145373,207.2331472,221.544449,271.3672049,,,,,,
大韩民国,KOR,295.5961286,343.5863454,397.0894301,458.9495538,501.7187147,577.9317603,659.2369313,779.5140737,880.5560875,913.629356,971.7934818,1027.860403,1140.705094,1250.236475,1340.129958,1480.018501,1674.247249,1920.523557,2095.194713,2373.214406,2588.848076,2826.188795,3091.371196,3495.488731,3881.024437,4280.71094,4651.628883,4436.174407,4878.833384,5906.959333,6309.203405,6673.937704,6977.317662,7390.794147,7796.314674,8039.796283,8462.206543,8772.287463,8877.574933,9716.126081,10129.95709,10305.32898,10384.62216,10496.51367,,,,,,
科威特,KWT,3021.39014,3543.768297,3708.983381,3898.009198,4173.334312,4390.044444,4779.064697,5248.09589,6116.148963,6064.967706,6401.571838,7138.991109,7291.808684,7736.585661,8173.906429,8549.354855,8635.753173,8928.422242,9365.028245,8222.96991,4967.26968,,,,13147.7103,13936.6804,13906.68186,14573.58634,14399.66961,14066.14663,14513.57004,15143.72311,16387.66373,16686.22285,17076.49912,17765.80565,17093.27299,17031.18588,16519.0793,16757.33417,15900.92846,16053.85965,15195.17738,15590.61258,,,,,,
拉丁美洲与加勒比海地区（不包括高收入）,LAC,462.1333747,492.5463587,529.9894995,565.9628586,591.2986344,633.1882551,681.7797762,728.691183,787.502104,831.9726719,843.2661379,871.4470048,900.7595182,958.0441157,993.1665641,1035.600585,1060.237886,1088.884576,1104.604599,1103.95602,1137.997696,1144.155231,1175.202527,1219.041075,1260.61755,1298.631116,1360.615398,1422.256548,1446.180893,1504.497856,1461.745179,1485.474871,1564.817375,1590.040221,1640.884868,1680.795531,1740.982744,1792.644654,1773.631203,1864.518667,1950.48911,1997.168956,2017.968571,2054.249728,,,,,,
黎巴嫩,LBN,525.4782617,574.8940065,649.4911446,700.4965365,646.4146698,693.2651982,743.7347554,814.3378913,919.7537083,979.9422773,1056.547453,1149.973064,1249.393609,1306.643983,1323.910479,1420.586402,1565.242618,1340.940938,825.2525823,499.4591571,958.3461683,1095.856389,1221.146787,1294.603361,1342.54285,1800.500351,2119.764653,2555.56091,2524.173093,2513.548806,2480.581929,2535.743705,2499.784658,2407.768061,2384.884015,2296.964553,2396.72086,2559.423432,2729.467906,3046.195244,2948.276651,2487.89191,2766.439326,2588.864544,,,,,,
利比亚,LBY,178.6241631,191.1933343,370.2554845,426.8998126,539.8588201,647.9839169,775.7432112,885.8374101,1051.110787,1120.062917,1085.197081,1055.038109,1030.242771,1011.286696,998.5076596,1048.915774,1429.295497,1534.433168,1497.134977,1576.860807,1657.701114,1752.995552,1808.571536,1820.439719,1770.531661,1787.666945,1802.849859,2097.070221,2176.681569,2221.768893,2255.638131,2772.144477,2947.756846,3106.216057,3427.887521,3792.335287,3792.771825,3156.431865,3142.328146,3361.748865,2839.083797,2241.259636,2320.599334,1811.054601,,,,,,
拉丁美洲与加勒比海地区,LCN,502.8911211,533.9720355,569.2790689,605.9627332,627.7600247,670.6876665,721.2014709,772.3137299,840.9107682,891.3930199,913.3357874,931.6440019,966.3375265,1026.255838,1058.474554,1099.229609,1128.796687,1164.469674,1176.025172,1176.553233,1214.107454,1231.468609,1262.845038,1304.408959,1347.908514,1390.080347,1454.015628,1513.158055,1539.178996,1599.862634,1567.722628,1593.597679,1667.755614,1702.200139,1755.46308,1802.779197,1864.206588,1917.587563,1897.86533,1988.326579,2078.518031,2130.839991,2152.557242,2157.896898,,,,,,
最不发达国家：联合国分类,LDC,55.49865897,57.15998374,61.87877217,65.95496173,65.7474302,64.50226581,64.1064717,64.72140264,62.98104015,63.53142793,64.04481774,65.18454919,66.67542071,68.06234524,69.54310523,71.46028718,71.7397614,73.16568712,74.79381503,73.23684366,72.55976059,74.62889265,75.25342429,75.96988519,78.33410647,79.16354815,79.68799803,79.90440285,84.90196049,89.29041202,98.57489799,102.915848,110.6890755,124.8076822,130.8159958,141.4065855,146.4646327,147.509402,155.4000252,169.6653457,177.4754181,187.2137436,200.8524757,211.9884884,,,,,,
斯里兰卡,LKA,57.65686727,64.21973332,66.48036569,67.02744963,70.95528864,72.57601463,74.54376101,81.05305115,89.12109962,94.77355439,100.505329,109.8623914,115.1695609,118.2556279,128.1505849,136.694436,137.2870729,141.1881585,138.3664181,151.4507091,157.6780485,166.0950969,182.540116,199.674221,215.7549694,204.4939673,229.8209989,249.1839978,263.0296808,294.819265,290.8248411,303.1085783,326.2582321,354.3583733,400.1025736,403.0772375,420.3196001,426.3914543,425.124685,459.6841594,502.144864,524.3084455,525.7226136,531.0905766,,,,,,
中低等收入国家,LMC,95.56710785,100.7163006,106.840652,111.326995,120.2690709,128.3284803,132.4236759,139.6081197,145.4021068,151.8517442,159.0431318,168.7080251,176.5891909,185.9815903,197.9815519,210.6116266,221.7973192,236.7852044,251.3902798,417.8861485,423.6469879,422.886282,420.239588,421.3029939,427.9426631,428.7329402,438.8753729,441.7070927,450.5396136,459.7533211,467.6098038,483.8527288,506.3358079,532.563409,553.7955574,585.8782371,612.5824165,625.6725313,645.3790888,688.542862,728.2090605,754.0593147,782.4091671,811.2594953,,,,,,
中低收入国家,LMY,200.0095277,213.6171146,228.078889,236.4479461,256.049629,270.9420721,287.1685786,307.9632288,327.3586282,344.0436767,352.564883,367.2239404,382.1280816,404.1813427,423.6925355,446.4288602,466.5583813,490.5485798,508.9801963,865.9126837,867.5715579,856.5304305,851.1262557,851.9829719,867.6386839,887.235297,901.670146,905.7911937,923.3608176,960.9955818,981.6652174,1024.883574,1097.314822,1172.018767,1239.590109,1336.321662,1432.09468,1472.194648,1504.065717,1631.606739,1744.29745,1797.697744,1877.773136,1927.395195,,,,,,
後期人口紅利,LTE,290.1218982,310.9821967,333.0591677,343.7887337,373.3428368,394.7184613,423.8482211,458.1681171,487.7169368,514.6918934,517.1912231,533.8330985,559.2184106,591.3205891,625.8734183,664.4682643,696.002126,733.1051132,758.2134366,1338.342898,1332.896941,1313.742537,1308.181358,1310.145417,1352.837105,1389.176087,1409.910867,1417.328384,1458.279356,1538.880957,1592.015548,1679.785768,1829.532954,1986.882299,2134.429246,2341.212322,2556.014798,2657.555498,2740.516212,3011.270805,3247.51168,3388.580909,3581.595888,3696.508292,,,,,,
立陶宛,LTU,,,,,,,,,,,,,,,,,,,,4023.43207,4022.532662,3166.929451,2494.424475,2498.944532,2538.644546,2735.441037,2727.727637,2825.884653,2702.428156,2516.905098,2695.906268,2848.913483,3087.655148,3196.849344,3187.03108,3353.304327,3564.206785,3733.626495,3622.290317,3470.78503,3529.918778,3607.703798,3663.671197,3821.14517,,,,,,
卢森堡,LUX,11871.35135,11661.85805,11796.26195,13108.01296,10642.15072,11487.78453,10443.93648,10806.42087,10982.31805,10784.01758,11089.05469,10992.40818,11137.1854,11737.76906,12064.16039,12159.46573,12275.118,13423.48373,13537.5232,13667.67055,14087.8553,12927.90208,12632.24102,13665.07415,14920.77088,14629.73022,15134.10418,15460.32494,14990.41756,15668.11827,15616.32977,15980.2768,16258.88449,16300.11242,15644.14672,16456.60412,16352.3218,15937.78778,14425.96473,16829.96254,15586.08423,14703.94353,14193.16843,13914.67845,,,,,,
拉脱维亚,LVA,,,,,,,,,,,,,,,,,,,,3396.728161,3285.317445,2638.90897,2048.149058,1973.228518,1997.138093,1992.900926,2056.435022,2129.858727,2072.803727,2082.321387,2213.360603,2307.186518,2493.930169,2607.45996,2777.38198,2966.609973,3169.077295,3213.12144,3026.611489,3229.951062,3264.05332,3587.932866,3472.541385,3507.404521,,,,,,
摩洛哥,MAR,125.1920156,138.8881402,152.1539253,157.7543499,163.2373616,178.8026443,192.4803037,206.0884985,222.5758523,236.8683631,248.734003,262.1994839,280.4826852,282.9660312,294.5449711,307.2192075,311.209124,340.9111066,335.6103707,359.1661396,371.5300391,402.1171923,402.0997122,421.3737846,431.1287717,433.8018203,451.1688939,479.8571862,453.339361,490.0382278,524.9203616,536.0083504,581.6427986,612.2822511,634.4653684,688.1744529,717.2775222,733.5238472,745.7150278,775.9546744,825.8225738,876.8452391,881.4289958,904.4418639,,,,,,
摩尔多瓦,MDA,,,,,,,,,,,,,,,,,,,,4027.487145,4280.255942,3691.138781,3216.492876,2765.935842,2607.113691,2464.023057,2319.177087,2314.660985,2169.138164,2039.13902,2246.292058,2330.867781,2616.527468,2440.981408,2549.071002,2696.438833,2485.184078,2524.787619,2166.98681,2144.689107,1830.176797,1885.322323,1683.986942,1725.616479,,,,,,
中东与北非地区,MEA,271.8827079,297.3276917,328.2440253,356.5025191,389.7270773,434.9850383,479.6126175,531.5092364,616.4893417,665.2100294,709.8944977,799.0724813,863.4028521,942.1060469,973.284531,1037.678239,1086.464559,1120.913838,1154.296682,1184.983763,1168.031511,1225.945125,1284.705541,1324.5711,1425.319867,1483.01204,1535.475838,1632.958052,1697.799413,1750.977457,1829.12617,1911.358991,2004.648562,2068.795212,2147.572747,2264.399969,2333.771813,2415.221784,2469.342226,2659.041195,2693.049363,2750.695936,2799.530476,2895.956155,,,,,,
墨西哥,MEX,507.5140223,551.2347937,582.3773074,627.3762304,655.8856993,694.815138,737.4275146,794.6678303,840.4675658,887.0541233,926.6705474,980.9502432,999.8995177,1038.429965,1077.431483,1095.631193,1141.501358,1176.10471,1232.479286,1185.040325,1295.411118,1317.632165,1312.568942,1401.131873,1419.903213,1444.361439,1528.183697,1643.046616,1689.186018,1800.467938,1834.151441,1843.963566,2001.018228,1927.073886,1996.392649,2020.952833,2047.531099,2046.69443,1995.298295,2018.827437,2216.906197,2253.514406,2144.08898,2157.323788,,,,,,
中等收入国家,MIC,200.0906789,214.0549393,228.908532,237.296071,257.5504777,273.0444597,289.9277477,311.3798851,331.6251246,348.8026114,357.6496098,372.5788649,387.8897752,410.8606916,430.8193529,454.670023,475.7275265,500.4233382,519.2341118,891.0736525,893.6766248,883.9577567,879.7353544,880.9387046,897.4666321,918.66411,934.5851579,939.6897763,957.7885068,999.4163586,1020.747081,1066.648543,1142.643826,1221.228115,1292.55772,1395.10486,1497.14982,1540.176304,1575.291907,1709.738173,1831.488842,1893.699066,1981.015634,2035.322064,,,,,,
北马其顿,MKD,,,,,,,,,,,,,,,,,,,,2667.544326,2708.066607,2966.823372,2613.879671,2708.767617,2797.415769,2920.921002,2999.19524,3078.420521,2866.431813,2907.691169,2811.956664,2794.832283,3149.834737,3181.234945,3413.105007,3488.825759,3660.280912,3712.935378,3452.04082,3601.452844,3909.083092,3704.433287,3571.165563,3513.954972,,,,,,
马耳他,MLT,1007.598282,1071.251447,1207.809398,1006.635849,1111.03076,1249.28869,1358.438935,1479.776389,1598.891946,1664.324401,1749.315008,1831.861503,1860.681826,1920.790821,2110.256441,2250.6657,2487.771601,2692.003167,2851.261113,2823.502838,3597.685828,3726.694558,3716.591078,3735.355406,3921.371208,3790.42129,3827.153721,3921.751837,4197.864688,4311.858637,4292.315051,4500.3523,4872.272205,4797.292583,4912.90976,4897.510042,4873.083467,4836.593963,4434.186633,4767.097378,4867.0568,5002.047483,4915.873765,4924.544019,,,,,,
缅甸,MMR,19.81102574,21.17598987,22.77844494,22.46104237,25.28495144,27.43151566,29.72515349,31.14619652,32.8540652,33.95246818,30.44904624,32.23795822,32.66486908,35.25633882,41.99900851,42.01714982,42.25421813,37.49471164,40.21463617,44.10285977,40.86875515,44.21993974,50.66450001,53.98375568,57.17331747,57.63493881,64.47210835,64.87438836,68.10148963,75.25733578,68.37462919,73.03652038,79.93950932,80.51150296,74.85199519,88.33483442,89.45722879,94.15248761,99.36246036,124.3062687,154.3813595,156.0089924,185.3720973,215.2988584,,,,,,
中东与北非地区（不包括高收入）,MNA,199.101352,213.8090147,239.8983465,262.018897,286.7840291,316.0434226,343.6941771,370.1200277,414.5508199,436.1248802,455.8988611,507.1595348,558.7632992,591.226761,606.1981113,643.135038,669.0128112,682.6614661,702.4907333,730.7511293,741.1941272,789.1553477,807.5805634,833.6430148,855.8892383,902.1430262,933.0014643,976.9886562,1016.796023,1055.086789,1105.414899,1166.674714,1213.642364,1283.536489,1310.755193,1387.051816,1423.195764,1460.940156,1496.507053,1626.69688,1654.070731,1643.723407,1677.510835,1702.878547,,,,,,
蒙古,MNG,,,,,,,,,,,,,,,1468.347027,1556.433622,1559.494647,1598.7872,1604.853795,1489.374074,1340.44631,1223.983116,1099.330328,1077.845624,1090.940581,1085.656343,1057.907031,1068.487184,1042.408388,1053.633974,1071.254103,1096.894683,1139.436115,1196.125291,1251.96473,1298.628214,1332.783822,1423.686851,1377.817438,1488.656577,1495.836096,1588.134378,1893.96634,2006.386834,,,,,,
莫桑比克,MOZ,51.55613418,50.70803341,57.81569412,68.43671466,56.07357483,61.94971751,57.45663235,60.86291661,37.0324488,37.14469423,36.6823539,48.48309044,37.86242723,29.51855475,31.49387926,37.08455732,42.31073552,34.56653835,39.66906009,42.19509348,55.74717762,54.10691396,50.65775053,44.28671298,46.17885477,45.86338288,54.46060068,49.06641189,69.24076859,125.6215798,277.3588066,265.772806,374.4743508,448.9077624,451.0116582,459.0109311,459.8280494,443.4250188,443.7704802,453.3059783,454.3669251,459.9666335,451.0430679,478.920644,,,,,,
毛里求斯,MUS,146.5629208,160.78812,180.384566,201.58489,211.8834081,249.3086099,280.0150644,279.5932293,309.5101738,299.1597648,295.7789287,294.2003242,301.4901801,301.3175976,313.5631751,347.1546929,388.0001776,436.1416703,482.2784088,670.5862908,728.7907866,780.1254287,820.1397154,857.2614719,945.2477912,1021.167623,1108.610762,1205.596934,1226.955237,1363.24611,1453.664547,1473.492493,1561.765991,1614.246648,1683.690833,1743.117482,1816.671103,1881.649775,1907.12257,1995.361484,2025.704166,2075.035712,2148.328411,2182.509156,,,,,,
马来西亚,MYS,313.1318117,347.3069407,374.9793619,400.2998205,429.9390513,466.6890374,530.8705111,560.5496923,618.2747667,658.7866411,688.8325081,728.6188478,768.1806925,816.2029449,842.7504359,884.0210285,924.1615,997.1525871,1076.161901,1157.360161,1266.256734,1419.169737,1533.700377,1785.107532,2004.577988,2187.878656,2471.89719,2525.33988,2648.127801,2747.059918,2758.348424,2820.55094,2914.673538,2984.361616,2873.734241,3065.572896,3272.896663,3286.091575,3942.089425,4145.521977,4102.619661,4338.557177,4520.355223,4651.951414,,,,,,
北美,NAC,7675.057614,8241.735458,8733.31576,8676.856737,8710.565602,9173.396945,9576.916786,9823.794984,9964.994139,10148.83304,10295.15536,9880.612557,10105.63611,10680.14793,10849.50957,10908.62127,11370.19803,11801.10282,12022.75346,12158.08911,12537.98594,12428.19636,12664.91452,12845.61964,13043.53455,13225.9472,13261.85849,13478.08616,13615.61689,14001.20834,13419.03199,13656.44242,13691.15509,13769.83134,14023.67911,13871.14348,13955.28481,13930.9151,13164.35199,13580.59419,13483.99377,13200.44502,13278.45725,13253.82147,,,,,,
纳米比亚,NAM,,,,,,,,,,,,,,,,,,,,,1042.40114,1005.306038,1076.45949,954.8782342,953.3954269,1034.641555,990.5602319,1086.25663,1156.553719,1052.05499,1090.111298,1127.1826,1169.700811,1453.554657,1521.423751,1606.539381,1606.266783,1638.949545,1583.343705,1586.217605,1610.795763,1660.760979,1692.406468,1652.571933,,,,,,
尼日利亚,NGA,28.57043725,32.72774895,35.2992363,32.84846076,45.77566148,51.5781796,59.1787877,60.68837566,59.82247397,68.0570943,50.90103784,81.89592594,81.73535221,62.06356225,80.4544837,90.88641197,89.30353228,87.13950744,97.07070111,87.07894453,89.59979699,90.05437487,100.8853382,95.56127199,91.48820715,85.90498293,82.00415836,76.96886384,75.76719632,74.49061979,75.56977626,104.6610449,101.9252114,123.6324865,129.3270312,111.7524163,138.9094166,127.2446137,120.6350712,136.4262652,150.1980159,156.7971517,142.729212,144.5254385,,,,,,
尼加拉瓜,NIC,224.8780399,243.8733656,221.7001636,261.2609534,269.6964828,304.6666853,335.6244222,324.2511601,249.1010291,258.458071,266.3577908,275.5324041,291.5730323,293.9902464,286.5296519,281.7061295,295.4212016,291.3256292,321.0907386,306.2225721,299.2335217,301.9809308,291.5408776,278.7885966,291.0460354,311.0783325,349.8590828,341.5032087,328.7891244,344.8201037,343.6100865,352.3444799,367.3389562,392.5493902,412.4153381,424.7557518,458.4919033,471.8182967,477.4139515,506.519681,528.3722695,569.3243494,586.5603776,568.3137183,,,,,,
荷兰,NLD,3146.463257,3414.689007,3612.310204,3735.237418,3773.140348,4009.790303,4077.457107,4251.131498,4403.106651,4364.160624,4292.700717,4237.777804,4300.250503,4412.165074,4517.089587,4566.68477,4722.933873,4924.155632,5052.627779,5218.202041,5327.476851,5441.655472,5494.112372,5643.106948,5719.061109,5905.992197,6066.243238,6257.890883,6349.319584,6507.105925,6599.26537,6641.740762,6695.715124,6882.970221,6912.372085,7025.834479,7157.378577,7173.046299,6856.281897,7006.273821,7060.053768,6876.589753,6833.911435,6712.774758,,,,,,
挪威,NOR,14084.40961,14488.41649,15541.79001,16286.77491,16313.92407,16913.42006,16515.36343,17314.78112,18862.29081,18725.67689,19431.16841,19357.74561,20497.37043,21939.81352,22559.09429,22177.62158,22800.13518,22979.99187,22859.30047,23353.91502,23808.62992,23787.32181,23967.11867,24247.26394,24528.44386,23998.84419,24326.03424,25424.10364,25057.1896,24993.7263,25590.68943,24620.33613,23201.39413,24214.10698,25083.21453,24099.93226,24855.00046,24866.13431,23859.70958,24890.92401,23510.38383,24070.98592,23806.88488,22999.9346,,,,,,
尼泊尔,NPL,6.004551775,7.549783671,5.757766858,7.158490503,6.631711338,8.965363521,9.837092754,10.52436939,11.58280218,12.38645087,14.12095831,17.41957481,18.57070997,20.02732455,22.18489808,25.69653712,27.97369928,30.18741446,32.69174917,35.1749863,37.20593526,37.01414793,38.45783496,41.25299019,43.8448626,46.17400393,46.49150321,49.18059448,54.95540594,58.81100112,64.48403143,67.54126539,70.53181547,74.43152432,77.06500418,83.82346403,87.63356253,83.47526816,96.93667101,102.5424342,115.8231766,120.9003911,136.6433114,146.4730037,,,,,,
新西兰,NZL,4694.006309,5306.656565,5525.95144,5461.520654,5795.465603,6094.840058,6149.926287,6150.519031,6180.443873,6343.602429,6496.847899,6872.405817,7299.409246,7512.627436,7555.665055,7875.119367,7901.294894,8133.032832,8465.385548,8972.310649,8842.379331,8636.633916,8909.355579,8927.900552,9106.822018,9072.883173,9090.524423,9125.032765,9138.744752,9384.348187,9417.343126,9526.655692,9407.032181,9666.299694,9673.673771,9700.090809,9640.607983,9556.317198,9403.848836,9601.903142,9458.485401,9360.949162,9089.619774,9012.731097,,,,,,
经合组织成员,OED,3866.153057,4134.644992,4405.471149,4420.384754,4433.260776,4695.606205,4859.420629,5033.153165,5178.897952,5228.757132,5279.270861,5176.765508,5319.186861,5582.884315,5734.487584,5803.276252,6036.803258,6242.031997,6395.78805,6502.24599,6662.26095,6646.929644,6717.938252,6860.463566,7009.418668,7153.566322,7241.883452,7359.789783,7479.076905,7717.812255,7624.10021,7739.760393,7799.706512,7903.519124,8034.546219,8038.321828,8117.580987,8075.116226,7706.752262,8014.453356,7929.824913,7859.297085,7836.323632,7749.503712,,,,,,
阿曼,OMN,14.68687581,29.62447755,50.80639665,95.01729315,153.0546303,252.3090592,364.0811451,398.9167281,483.5793665,623.7152116,754.5605443,899.1404682,1044.754736,1240.334129,1467.552671,1793.515162,1843.973995,1979.597394,1986.038004,2186.895403,2154.442931,2245.279518,2445.338221,2498.119545,2581.356977,2620.881568,2784.742721,3064.13501,3082.622806,3201.978154,3435.791228,3521.838568,3549.630285,3829.445141,3923.93601,4212.723961,4387.387747,4790.698215,5251.746584,5521.078044,5854.015039,6176.903521,6207.2272,6445.58142,,,,,,
巴基斯坦,PAK,93.48034993,90.97132119,101.2529373,107.3090381,111.1994537,107.9112798,110.2057765,121.766863,139.8338045,136.0462363,147.7309357,159.2921684,171.024395,183.6489074,198.8903424,214.2301073,228.4562844,255.6376515,264.579845,277.4322119,297.1872154,333.4090473,333.932092,343.661101,355.1876246,355.4868577,357.5379075,337.6439365,347.8963424,362.404816,366.848774,372.1906621,395.3926914,412.990296,444.5865162,466.2283605,459.5606365,422.0648344,436.6827154,442.1800633,432.5838733,427.85106,457.8199007,447.5051567,,,,,,
巴拿马,PAN,525.2406607,570.9676035,630.2897155,617.401663,634.9053544,676.0117428,714.9837523,695.7021949,796.3539622,773.3174155,787.7727404,836.6493904,903.9226378,858.3948063,892.6640231,917.787084,963.2228323,870.1504208,831.1895724,833.2840944,877.8830929,910.3441101,958.7067764,1012.250956,1062.9029,1084.651061,1173.479024,1180.846322,1219.373875,1266.527474,1289.146538,1324.147917,1359.589861,1424.133683,1455.158245,1478.031638,1571.950542,1626.754307,1639.465637,1745.138416,1824.64274,1955.373564,2018.539169,2064.177914,,,,,,
秘鲁,PER,390.6372808,408.5936433,411.9501251,428.0465018,436.2470822,444.0426685,471.8813865,465.3713431,475.475553,497.4466041,523.702617,547.7461167,512.4797917,548.0920919,540.7914713,563.0144953,587.203743,550.1699911,547.4180785,540.2911537,572.8079484,471.1579164,517.3842342,528.2707664,540.5123336,581.2839026,597.517976,630.6787689,642.1432076,666.1767689,691.8840272,727.1697051,752.843659,792.6375928,829.6089806,882.8180003,966.750844,1042.352265,1048.183699,1107.35684,1262.698316,1238.087911,1301.303762,1345.879007,,,,,,
菲律宾,PHL,235.7686816,260.472426,321.9147062,309.4341033,314.5395889,329.3309846,328.356454,328.7354602,345.639191,373.8142831,337.6216189,338.4404998,362.7775808,341.6242441,350.4321886,311.6472454,319.6432792,343.4135614,360.8837064,361.0459485,354.1576888,335.2654326,335.4811576,377.4813824,398.8158504,428.5469614,462.2702131,478.4791581,467.4427341,499.3476426,518.8340839,522.2990746,555.4353497,575.2530641,576.3021031,567.7409518,581.6533711,584.5968108,588.8924318,637.9062627,643.4651927,664.1214626,682.956771,696.346787,,,,,,
波兰,POL,1955.770433,2111.741866,2264.728454,2413.202403,2593.164309,2741.243964,2871.914913,2988.079713,3009.85465,3076.419254,2884.208228,2900.127106,3044.749661,3159.8086,3260.426185,3384.360243,3519.95969,3568.534849,3537.923881,3272.302311,3088.228938,2961.395739,2977.7121,2993.177532,3060.888875,3159.041817,3206.237778,3206.591771,3171.757384,3256.180455,3260.033263,3208.392157,3324.471392,3416.118632,3437.323998,3584.962188,3661.646104,3725.748778,3590.832081,3797.092296,3879.542094,3899.176642,3938.255208,3971.799761,,,,,,
預人口紅利,PRE,101.179814,104.9539932,113.2633536,118.7240852,125.2385475,128.1372948,133.6907218,139.4173899,146.9558707,153.76664,145.6617565,166.4176651,174.2653959,176.7675757,188.4999328,194.7879967,193.6582592,194.7685051,195.6241405,186.6067043,173.1939425,183.6226188,184.9164716,184.4860629,188.4219862,183.6010876,180.5475118,175.8869992,174.8123049,170.5174919,179.2913442,190.5613552,182.8805369,205.1456332,188.059292,197.3004984,195.8700327,191.3280502,196.7682099,229.1399723,238.9916178,236.5287659,253.7613227,256.2730187,,,,,,
朝鲜民主主义人民共和国,PRK,909.077527,936.4952707,963.2950655,990.529321,1018.756862,1033.238569,1049.67872,1066.996772,1083.973073,1098.949276,1112.331243,1123.687347,1134.427779,1145.714756,1204.149381,1188.612435,1209.345908,1282.098379,1323.963275,1237.418295,1156.864735,1024.482162,902.4805613,925.8513042,905.9431075,825.606957,736.9960228,637.5363551,692.7840566,712.3705541,735.1840761,713.3843282,750.941895,779.5138699,807.0141076,785.2465277,749.1629228,803.6563174,728.1297051,742.9678958,656.0103289,652.9670729,619.0657655,601.6890634,,,,,,
葡萄牙,PRT,835.2850312,911.5420668,994.7759206,1080.946476,1075.82694,1136.940575,1248.985398,1343.656004,1466.474628,1558.52076,1567.295974,1644.711122,1740.031623,1774.268544,1873.176867,1974.536552,2057.72046,2201.782305,2399.30035,2541.865759,2676.643674,2815.877106,2803.202312,2870.833031,3076.846048,3195.864047,3352.465833,3545.010352,3795.22928,3988.960824,4119.670488,4271.168528,4375.732217,4533.539695,4682.991013,4827.467182,4890.560188,4850.837413,4843.849694,4959.094305,4848.279337,4736.351771,4685.054787,4662.6008,,,,,,
巴拉圭,PRY,81.62856479,88.94368402,104.53415,112.7095222,116.4358729,130.3344529,157.3724925,187.5032564,214.5291134,241.700237,264.9009051,261.5203266,266.68335,292.3325703,293.7811428,335.4414955,384.6623284,431.3190617,446.6982265,504.3314495,524.4156676,558.1528448,626.0539416,700.5856716,783.3633881,794.0440761,830.916413,837.927578,856.5382741,884.0543718,870.4154894,881.0623653,835.7916223,824.3528202,859.5326828,916.0841857,978.7561078,1027.741455,1086.475113,1171.411665,1274.395992,1359.026148,1462.918683,1552.384687,,,,,,
人口紅利之後,PST,4429.035167,4745.354254,5067.824636,5084.213968,5103.251947,5417.221812,5615.164068,5826.428492,6006.583239,6071.53299,6152.438464,6038.402439,6220.238125,6545.14878,6730.3539,6819.19738,7110.585867,7369.782223,7560.350562,7479.724846,7659.274343,7620.166482,7686.689147,7825.78747,7995.633965,8151.086747,8247.781054,8383.404492,8526.383156,8800.013396,8705.294463,8856.926616,8923.768091,9062.822859,9226.39271,9228.634134,9320.891136,9273.568616,8849.532662,9225.398416,9103.898973,9015.50849,9004.616008,8899.871376,,,,,,
卡塔尔,QAT,2637.903746,3034.366499,2953.981193,2994.323804,3803.692929,4138.939418,4980.281814,6319.452766,8709.765465,9717.290785,9936.124911,10016.98956,9521.530946,9561.288357,10067.78363,10278.09694,9832.90458,9627.80454,9517.249744,9591.09758,8989.358864,9836.436194,10367.33343,10758.43517,10739.18048,11832.79078,12061.94426,13771.69731,14002.09646,14348.47848,15051.71435,15878.36573,16390.65344,16350.02894,15457.41325,15513.77525,14833.70963,13980.94204,13680.82545,14209.22692,14153.70983,14853.29756,13913.07548,14781.62428,,,,,,
罗马尼亚,ROU,1632.08419,1786.720729,1906.921113,2018.980163,2214.610852,2418.749316,2550.135833,2664.742543,2694.100737,2876.669013,2954.448763,2927.244979,2974.892642,3079.960921,3132.978627,3318.979188,3275.680485,3392.624976,3412.004547,2924.596266,2521.003837,2319.572749,2272.124228,2234.735085,2328.794358,2430.301529,2250.999801,2107.445463,1935.560812,1987.66019,2066.783933,2079.796062,2237.937816,2295.570505,2365.419564,2446.286077,2529.906888,2605.819735,2390.574743,2550.863291,2639.033434,2604.243137,2494.533918,2584.411787,,,,,,
俄罗斯联邦,RUS,,,,,,,,,,,,,,,,,,,,6687.727011,6551.299816,6113.679971,5726.451593,5188.213955,5101.553396,5016.444066,4935.619905,4848.027353,4998.825661,5198.405704,5274.363305,5304.41526,5478.130458,5633.8455,5770.100636,6098.533476,6286.049392,6399.683749,6095.380276,6409.894365,6485.75903,6617.134161,6539.207375,6602.657479,,,,,,
南亚,SAS,87.19643718,89.16803446,90.7902772,94.20687418,103.013156,110.4102417,112.4183008,121.4373321,122.9574703,127.2122885,136.7019125,143.0996492,150.547984,165.8621341,175.5635012,188.8729946,199.9338359,218.3267379,233.1650472,246.246432,262.9792469,278.0514971,291.5158221,309.1766791,324.840095,325.8801032,338.7317574,345.4845348,352.3332582,356.2422643,357.8409796,372.3167439,391.0098391,412.9601607,430.6716503,466.8476399,492.3447794,503.4397452,535.6271287,570.9088741,615.5718506,637.2246916,673.9032694,705.3221659,,,,,,
沙特阿拉伯,SAU,323.7370036,358.049377,414.7843196,502.3720922,534.4035962,727.0347746,838.4814494,1113.007114,1612.947705,1971.114602,2247.916483,2655.327659,2733.581674,3052.379466,3070.432666,3400.06033,3656.391541,3756.781151,3859.497294,4017.731908,4121.997091,4397.464607,4745.121359,4834.945833,4929.987408,4967.520222,5128.061644,5471.483247,5612.707718,5664.96837,5947.27658,6049.34887,6501.327335,6352.396777,6615.042088,6842.756887,6942.539344,7203.49761,7477.083531,7974.737166,8015.150637,8502.857118,8784.756106,9401.485668,,,,,,
苏丹,SDN,35.11754634,36.81218841,43.28308646,49.77432373,51.21816898,51.91440118,53.0126246,55.06856962,53.91970549,48.38887784,44.71874901,46.07338752,43.27146424,57.69015118,61.30092058,67.46447444,67.85613407,59.30814898,55.19428826,63.63043286,60.50324339,59.68776157,56.37469767,57.5873349,56.48535504,56.97595518,53.47464806,52.04585971,77.1036026,79.55998124,66.78327045,78.14027946,82.55116501,83.2059401,98.28910399,109.7852101,118.7863557,130.032978,150.0128212,175.1627601,190.0441747,211.1412455,213.8509202,256.7562291,,,,,,
塞内加尔,SEN,73.84561526,74.73104562,80.24500904,79.83843869,83.16689811,86.60619392,91.86520133,97.42428654,102.2233768,102.9883272,106.0894102,95.94340456,105.426215,109.9177688,104.1517129,101.639042,103.4069612,104.5631883,100.6365295,103.6364984,102.6367987,109.2603463,104.4154866,110.0334166,109.3191088,110.0655322,117.5133689,122.1680834,118.3021715,102.5747696,124.5503483,147.3206029,127.4964497,140.3319086,160.2326683,159.5463542,184.0494262,160.9369664,192.3779733,202.8688271,203.777651,215.4903861,215.3466562,229.3516495,,,,,,
新加坡,SGP,1154.810923,1371.02769,1599.179207,1634.227285,1728.100415,1884.620416,2073.710919,2368.28688,2529.473463,2718.371794,2778.704495,2814.319171,3045.809103,3255.59316,3444.133077,3693.604934,4088.599169,4398.989778,4639.187745,4983.046353,5104.809027,5236.639265,5499.972687,5842.562023,6069.219346,6312.685523,6829.225629,6965.754086,7187.671378,7575.435954,7516.1696,7756.318921,8113.587306,8314.325321,8678.168168,8720.022084,8706.579067,8401.048395,8114.367449,8679.99335,8651.755275,8673.985216,8680.606361,8844.687593,,,,,,
萨尔瓦多,SLV,169.4933237,181.5215227,203.5682205,215.749996,209.883339,239.6699429,259.3091405,281.7010224,289.7280436,273.5706966,259.5169984,255.4221262,275.9662147,286.1811264,296.345631,301.0591645,319.0903026,328.6402262,329.5768495,352.3669687,370.8217042,384.9472161,437.6668115,473.5778102,505.4541074,516.1738879,555.83709,570.5647902,588.7250177,614.9869309,626.6238187,667.2102076,693.685014,690.0958382,755.4372647,817.0220885,882.1106454,855.7076614,846.0981558,857.0674999,880.5959263,915.6895517,958.9733671,937.0744722,,,,,,
塞尔维亚,SRB,,,,,,,,,,,,,,,,,,,,4628.658054,4411.480487,4274.547161,3479.533937,3411.148213,3789.986489,4132.561211,4291.317805,4302.99911,3979.363962,4198.715706,4434.370241,4480.344352,4332.679062,4258.251568,3921.906459,4040.44002,4159.137225,4291.843158,4224.397665,4358.812174,4489.57085,4386.534552,4444.222971,4271.744667,,,,,,
撒哈拉以南非洲地区（不包括高收入）,SSA,321.2093847,344.4714276,362.0695331,378.6423349,394.1056175,409.3644603,415.2738829,424.9416913,448.9849331,471.4689934,483.6832825,496.8777658,490.7682081,503.9766584,522.6552692,534.8631086,532.2817158,537.6014745,538.7415749,529.4383299,518.7307939,499.5561682,498.5653702,498.2834495,506.2780363,553.449443,560.0994188,531.1904568,520.1000241,514.1689874,492.9093135,513.7600429,512.8661267,520.8081821,525.1737159,530.0320993,539.6807214,516.2286617,493.503632,508.1928342,512.3698663,497.475707,492.3620841,487.3282404,,,,,,
撒哈拉以南非洲地区,SSF,321.2093847,344.4714276,362.0695331,378.6423349,394.1056175,409.3644603,415.2738829,424.9416913,448.9849331,471.4689934,483.6832825,496.8777658,490.7682081,503.9766584,522.6552692,534.8631086,532.2817158,537.6014745,538.7415749,529.4383299,518.7307939,499.5561682,498.5653702,498.2834495,506.2780363,553.449443,560.0994188,531.1904568,520.1000241,514.1689874,492.9093135,513.7600429,512.8661267,520.8081821,525.1737159,530.0320993,539.6807214,516.2286617,493.503632,508.1928342,512.3698663,497.475707,492.3620841,487.3282404,,,,,,
斯洛伐克共和国,SVK,2696.684044,2829.469119,3026.212742,3138.205353,3111.768994,3260.460837,3413.489637,3468.62299,3806.459359,4358.595651,4411.789626,4439.280022,4520.842715,4624.05919,4841.364432,4941.625056,5085.164393,5150.462919,5266.168582,5542.170903,5115.12279,4699.137571,4570.442444,4582.581961,4925.961381,5150.407724,5068.08939,4682.297576,5028.706343,4955.907896,5027.452807,5051.59839,5021.798222,5097.835556,4932.803281,5153.121484,5272.370783,5294.435099,4954.138251,5201.404897,5347.526223,5137.789018,5202.467288,5137.073835,,,,,,
斯洛文尼亚,SVN,,,,,,,,,,,,,,,,,,,,5334.905446,5087.452468,4943.155465,4950.932498,5240.160186,5312.904549,5365.50828,5434.662198,5574.706466,5675.615026,5777.995651,6006.34519,6380.951903,6578.034236,6830.705073,6917.860467,7123.537771,7137.824175,6920.244039,6104.421845,6510.841884,6753.073664,6718.975052,6779.280887,6727.999302,,,,,,
瑞典,SWE,7674.294491,8131.933073,8745.48567,8786.445513,9051.519102,9751.545981,9828.347193,10143.43493,10694.29028,10703.40752,11112.30896,11440.23919,12609.02676,13692.98413,14950.32685,14858.36807,15746.25938,15895.8306,15680.86242,15836.03376,15932.92621,15544.41146,15506.8021,15290.616,15475.01348,15434.23039,15410.69913,15522.1335,15470.86807,15681.61527,16020.98031,15709.42967,15360.17889,15420.97314,15430.96395,15262.58727,15257.93575,14869.34898,14143.01101,14934.32696,14030.16315,14289.59509,13870.38991,13480.14822,,,,,,
阿拉伯叙利亚共和国,SYR,176.2326661,201.613259,182.2997332,210.7595568,236.4739112,229.7727495,223.5551169,288.6130631,316.2644439,356.5199709,414.0344158,520.8427831,600.4717647,589.5241138,618.2014161,606.4916783,590.5369036,628.0365053,677.0449319,688.806386,700.5633847,702.3227532,687.2797008,751.4433547,832.3869849,893.1725505,914.1824337,958.2945396,1013.051586,1064.905425,1144.182571,1233.56505,1294.213209,1397.534315,1497.888643,1537.887862,1540.326197,1558.988691,1515.28777,1823.61265,1672.768766,1363.921404,1068.87843,974.5754718,,,,,,
东亚与太平洋地区 (IBRD与IDA),TEA,133.0023661,143.897867,156.0605477,154.8586174,174.9882433,180.2797708,194.7998434,216.3831599,234.193188,247.2612436,250.0371993,262.0889873,277.839444,293.7470576,317.1778086,339.5426081,369.3118526,400.5847744,425.8756401,449.9767376,483.1958479,529.9066502,579.5404932,637.9754449,677.0770292,726.4030927,759.9694222,773.4213526,809.110368,876.3682606,942.3342297,1033.625495,1173.382893,1331.441823,1476.951629,1666.712487,1879.529619,1969.345694,2100.064958,2351.640574,2601.95311,2738.930619,2952.885698,3068.006223,,,,,,
欧洲与中亚地区 (IBRD与IDA),TEC,,,,,,,,,,,,,,,,,,,,4408.51478,4261.214037,3962.297944,3695.233057,3417.469492,3376.657361,3324.489446,3267.735231,3222.771843,3246.152276,3344.22994,3385.398605,3402.812544,3525.716587,3626.473177,3712.117242,3894.876207,4005.16499,4076.929476,3866.56199,4076.790627,4173.396266,4234.59054,4203.487676,4231.201774,,,,,,
多哥,TGO,64.05367332,61.3994264,55.57137796,71.71287692,74.25996214,69.79318494,106.0174218,119.9397739,76.4371798,62.84835354,67.20449225,74.08377915,67.06354188,76.41267941,77.46702502,76.7163043,80.93928747,81.0628967,86.17486103,90.87753788,84.90814647,94.27502254,69.99178962,78.14367516,100.7975547,104.166475,105.6633552,106.423144,113.1691439,95.2399132,98.96157506,96.20861106,102.9897222,107.3563811,109.4153709,108.4526993,102.3586404,104.8752699,124.1433151,124.1109405,134.7799002,144.3796672,144.3623691,154.6652373,,,,,,
泰国,THA,120.3268,140.2508242,161.4807684,165.7846153,183.8572876,206.767277,233.6175891,261.7307497,278.6963854,290.5784916,299.0712981,320.5098988,349.0458649,380.7818671,405.886178,435.0123504,483.540242,538.5166962,614.9482908,709.5523344,792.0853181,893.3763067,1008.523243,1106.338781,1247.711514,1380.05551,1410.120153,1359.078672,1358.345807,1448.072733,1504.756356,1617.566211,1713.620882,1827.239731,1914.801243,2005.256141,2080.246394,2105.440202,2101.146287,2307.804541,2283.748548,2443.615127,2514.758377,2538.795713,,,,,,
塔吉克斯坦,TJK,,,,,,,,,,,,,,,,,,,,3358.560706,3200.178646,2990.282581,2569.673773,2522.552155,2405.111291,2327.153681,2046.341071,2086.141691,2187.701808,2161.56513,2143.226805,2140.547306,2138.636867,2160.185435,2149.553166,2137.783691,2073.154518,1947.038554,1911.130205,1893.217536,1811.235768,1761.0521,1692.725684,1499.485994,,,,,,
土库曼斯坦,TKM,,,,,,,,,,,,,,,,,,,,2282.858367,2198.360176,1998.285572,2062.935747,1668.97321,1562.32139,1438.888522,1171.493356,1554.103488,1411.511928,1692.15753,1782.831922,1776.348813,1746.227033,1913.723616,2051.674865,2115.542376,2254.349052,2316.560857,2353.456592,2382.051777,2412.024872,2428.858829,2540.820844,2678.765474,,,,,,
拉丁美洲与加勒比海地区 (IBRD与IDA),TLA,500.9002672,532.6182623,568.0079768,605.0721789,625.967231,668.7943847,719.4031166,770.0824046,838.5399938,891.1483574,910.2766109,927.8981182,962.3991088,1022.425137,1058.677308,1098.985891,1128.738056,1163.891086,1174.707763,1174.468142,1216.995211,1238.148083,1271.631927,1312.592899,1356.471884,1398.184095,1462.009068,1522.185456,1547.904473,1608.559824,1575.254501,1601.012307,1676.432852,1711.864667,1766.517369,1813.252015,1874.226779,1928.166818,1907.607403,2000.345291,2091.62072,2144.534073,2165.503985,2170.572385,,,,,,
中东与北非地区 (IBRD与IDA),TMN,199.101352,213.8090147,239.8983465,262.018897,286.7840291,316.0434226,343.6941771,370.1200277,414.5508199,436.1248802,455.8988611,507.1595348,558.7632992,591.226761,606.1981113,643.135038,669.0128112,682.6614661,702.4907333,730.7511293,741.1941272,789.1553477,807.5805634,833.6430148,855.8892383,902.1430262,933.0014643,976.9886562,1016.796023,1055.086789,1105.414899,1166.674714,1213.642364,1283.536489,1310.755193,1387.051816,1423.195764,1460.940156,1496.507053,1626.69688,1654.070731,1643.723407,1677.510835,1702.878547,,,,,,
南亚 (IBRD与IDA),TSA,87.19643718,89.16803446,90.7902772,94.20687418,103.013156,110.4102417,112.4183008,121.4373321,122.9574703,127.2122885,136.7019125,143.0996492,150.547984,165.8621341,175.5635012,188.8729946,199.9338359,218.3267379,233.1650472,246.246432,262.9792469,278.0514971,291.5158221,309.1766791,324.840095,325.8801032,338.7317574,345.4845348,352.3332582,356.2422643,357.8409796,372.3167439,391.0098391,412.9601607,430.6716503,466.8476399,492.3447794,503.4397452,535.6271287,570.9088741,615.5718506,637.2246916,673.9032694,705.3221659,,,,,,
撒哈拉以南非洲地区 (IBRD与IDA),TSS,321.2093847,344.4714276,362.0695331,378.6423349,394.1056175,409.3644603,415.2738829,424.9416913,448.9849331,471.4689934,483.6832825,496.8777658,490.7682081,503.9766584,522.6552692,534.8631086,532.2817158,537.6014745,538.7415749,529.4383299,518.7307939,499.5561682,498.5653702,498.2834495,506.2780363,553.449443,560.0994188,531.1904568,520.1000241,514.1689874,492.9093135,513.7600429,512.8661267,520.8081821,525.1737159,530.0320993,539.6807214,516.2286617,493.503632,508.1928342,512.3698663,497.475707,492.3620841,487.3282404,,,,,,
特立尼达和多巴哥,TTO,1036.878775,1146.533132,1125.247707,1156.070524,1134.594345,1264.261968,1399.139731,1477.846539,1735.844678,1876.020403,2074.442165,2407.102022,2552.564822,2602.41039,2583.10718,2781.012387,2914.11197,2621.766391,2519.66842,2684.418661,2649.889188,2847.936217,2816.00669,2889.893536,3103.173338,3253.158729,3640.944312,3765.557395,3812.720197,3993.184754,4101.831748,4083.901629,4771.869576,4698.80592,5143.860726,5309.576892,5672.360426,5711.138279,5717.223059,6189.08793,6383.122034,6612.810396,6848.596595,7092.958644,,,,,,
突尼斯,TUN,155.1304119,175.0030947,191.520663,205.3886311,214.7814921,239.1781397,273.1438297,302.4673614,354.3851988,402.7273127,422.6685912,409.7606713,448.443292,461.0900927,506.3038997,529.007347,552.8045187,584.4930665,603.5822139,631.6037993,643.2244709,677.513146,699.0730035,751.2336199,760.6241918,770.8796542,810.3143771,852.0628375,931.9102225,976.4793121,1035.336737,1066.125189,993.5364327,1034.595129,1083.53028,1107.613596,1151.024932,1188.927857,1274.120625,1364.989711,1323.046858,1408.869721,1425.917349,1454.643076,,,,,,
土耳其,TUR,246.3004334,276.4076366,297.3394048,312.4553854,358.5790848,420.5818521,461.6830328,479.5196991,488.5327951,495.543339,519.2003781,543.3520192,555.4083861,613.6655244,659.7477816,698.7036608,771.1601335,809.1825982,874.746773,929.6989167,965.3068133,1044.360552,1115.194234,1145.50345,1227.32695,1328.351492,1439.975117,1520.096351,1556.334251,1652.746301,1612.99863,1667.363646,1771.827199,1891.84063,2013.888512,2179.071457,2347.637934,2422.711768,2314.690768,2491.628575,2695.073941,2769.043584,2755.623957,2847.223893,,,,,,
坦桑尼亚,TZA,30.34706304,32.15893166,33.75324472,33.98546215,34.43450733,35.08202268,35.13707185,34.47532909,36.93768973,36.89666071,37.86475619,35.84589752,34.01402341,34.6491181,36.37826163,40.76912913,41.18198747,44.82314439,47.14943758,51.69845493,54.80376281,53.44716801,48.73202778,49.66545454,57.67454611,61.29181265,55.81406741,60.83159293,56.42208123,59.10592968,62.90378347,68.28963749,68.1384536,79.80253274,79.60921421,65.36250806,81.78181408,86.34789591,72.43377243,96.62536859,87.337258,97.80453473,100.2410488,103.681778,,,,,,
乌克兰,UKR,,,,,,,,,,,,,,,,,,,,4787.537049,4643.263046,4313.523961,3953.280234,3475.137419,3348.895808,3060.335541,2958.556842,2839.453978,2792.104521,2778.400252,2791.765305,2844.812724,2997.974461,3151.145969,3246.034284,3399.519695,3528.92445,3534.357992,3227.953261,3549.844551,3662.444428,3640.553483,3600.225704,3418.569317,,,,,,
中高等收入国家,UMC,300.5379147,322.9295529,346.2824647,358.7463537,390.566674,414.2119741,444.8418812,481.7980075,518.0402902,547.8690099,560.2013675,582.2597033,607.0987187,646.3642334,677.1200219,714.8823114,748.3325804,785.3043777,810.6010681,1373.177416,1375.952356,1361.020704,1359.172256,1364.453429,1397.907122,1445.216013,1471.744114,1483.81424,1516.814438,1598.852069,1640.790066,1726.059809,1869.298469,2014.95792,2151.592693,2344.729273,2544.835608,2633.12186,2696.419515,2951.720767,3184.031612,3300.257606,3470.164296,3566.252931,,,,,,
乌拉圭,URY,732.0059767,695.7395786,705.1456498,702.8800377,762.1444916,806.3009019,846.7047818,918.7251628,934.1492145,1003.982659,1037.270874,1037.966696,1039.001052,1041.356838,1071.552263,1106.362956,1159.503551,1253.293725,1206.370647,1244.533859,1344.974881,1366.002855,1454.810252,1486.653698,1578.339317,1636.086658,1732.026404,1807.324282,1915.353816,2031.186836,2001.220278,1998.76971,1885.571362,1930.461245,2001.927269,2224.692767,2419.146918,2594.43911,2670.10899,2815.787821,2822.264425,2946.455656,3001.384301,3085.189883,,,,,,
美国,USA,7517.304646,8076.409269,8573.194154,8449.928456,8522.394003,8968.775655,9337.724018,9560.54541,9700.695386,9862.365497,9976.693715,9544.460943,9742.005714,10282.37464,10414.2079,10424.4273,10886.85826,11298.33251,11531.93231,11713.3317,12134.17213,12014.95825,12261.52378,12455.16217,12659.60763,12854.29891,12889.83228,13154.76303,13281.86998,13671.05202,13046.61415,13296.1823,13307.49201,13388.58971,13704.57705,13583.26696,13657.45283,13663.42797,12913.71469,13394.90276,13245.88193,12964.18794,13004.02357,12993.96558,,,,,,
乌兹别克斯坦,UZB,,,,,,,,,,,,,,,,,,,,2383.227694,2324.980909,2128.350972,2018.229879,1924.476024,1844.195743,1827.771798,1815.819496,1779.884412,1745.953072,1780.457924,1769.396081,1775.809844,1764.456256,1765.480285,1717.201055,1755.759629,1664.061337,1652.65101,1643.149881,1653.467496,1631.526207,1610.807906,1637.194477,1645.441629,,,,,,
委内瑞拉玻利瓦尔共和国,VEN,1050.830107,1109.467456,1161.822554,1217.684014,1229.916712,1292.494001,1400.420513,1542.598167,1835.725703,2019.283106,2253.703997,2076.157619,2230.354225,2355.554873,2336.78626,2335.527797,2449.989258,2613.636667,2496.859881,2477.656497,2549.522266,2689.309414,2697.686148,2665.759795,2651.578556,2672.962367,2700.266835,2670.151409,2602.250605,2667.60922,2732.399296,2758.560847,2664.722994,2796.712523,2886.490448,2999.308385,3019.16488,3125.254764,3090.969608,3195.681623,3256.626059,3304.402836,3299.011056,2719.138349,,,,,,
越南,VNM,40.32907808,37.67414743,39.33179128,33.88759734,38.87664956,46.3189138,53.2626405,54.04258868,52.88593141,53.97753551,54.32002317,56.71106552,56.06346687,64.96101272,68.00036495,71.00218338,77.68990016,84.68924162,91.64506131,95.25090546,98.78025183,101.8431824,112.0603802,129.3121825,153.1027802,179.8373442,202.8957383,232.962096,253.3027061,286.6209761,326.531876,377.5584015,433.1990914,483.9590142,569.9568505,645.2089812,728.0882694,802.5539431,906.1541067,1022.43262,1102.807176,1206.31043,1276.856078,1423.69991,,,,,,
世界,WLD,1200.154486,1273.754348,1347.45688,1347.200622,1356.354212,1427.322724,1473.259414,1525.389569,1570.248403,1587.301082,1596.719501,1571.300234,1608.580679,1680.20777,1719.365456,1743.534473,1803.958103,1860.121011,1897.466547,2127.911075,2153.496944,2134.309035,2140.19312,2163.199,2200.633249,2239.651907,2262.409021,2284.670692,2317.32728,2386.825244,2380.437408,2435.218364,2500.618817,2578.501046,2656.330739,2732.640247,2822.327116,2843.608543,2794.202268,2958.343199,3023.23295,3047.755531,3106.981734,3128.298712,,,,,,
也门共和国,YEM,33.2254064,33.64330554,31.68836371,36.19907864,37.87935176,43.19782134,44.15858532,48.55569075,51.37098601,63.3349463,65.96286036,76.68348045,78.13413432,84.22809402,85.97841451,97.77588038,100.852118,110.4291323,108.3188811,125.6192684,133.3102804,134.2426219,136.5695175,122.4679609,128.0064329,123.4059207,137.0208059,133.8576924,132.3195571,142.7416776,147.390647,155.2835106,165.657089,173.3870704,183.6635796,193.8838093,211.2062513,230.1281615,226.9894598,254.849372,193.8037733,193.8040245,250.963212,219.7998969,,,,,,
南非,ZAF,2239.903218,2389.234344,2503.649675,2629.544642,2749.176192,2885.409196,2958.810147,3107.59813,3329.46124,3519.270439,3678.882164,3750.226199,3789.536746,4034.974638,4117.797687,4205.701727,4175.116328,4255.160942,4271.326491,4238.74595,4128.269524,3997.040696,4023.287827,4068.478252,4157.568145,4705.948416,4818.49868,4606.904602,4470.962526,4579.952732,4302.118229,4528.816147,4559.773847,4589.905059,4636.930681,4721.932996,4851.692494,4665.176039,4428.154257,4542.596206,4566.323754,4366.030489,4285.645767,4198.04612,,,,,,
赞比亚,ZMB,1021.247788,1071.387789,1120.022755,1186.72045,1155.103728,1172.150884,1110.912741,1067.615854,1046.118867,1037.284482,1073.26384,1056.51746,1034.88063,993.8003867,948.2680422,900.3821902,883.9205001,933.765186,779.903427,761.8657511,736.7829553,735.7407921,740.6009183,731.4753694,710.4846114,685.5651228,638.2839061,582.5789436,585.6676216,597.5455701,618.6754696,644.1114343,663.4247571,685.1567805,692.7151634,704.5621488,664.1628325,589.5615616,568.4388408,590.5488952,631.7388778,733.2106108,747.0580444,717.3473046,,,,,,
津巴布韦,ZWE,649.9934818,824.1224664,844.2041776,876.899195,948.0645866,1006.679517,919.8809741,857.4731556,894.6901133,944.1691649,946.2474637,936.8906865,882.280327,830.271544,935.8502162,871.6162236,878.8519441,858.1469488,883.7040367,865.3801821,856.0989749,787.2108014,737.2366247,777.5877146,822.9979508,867.3263604,901.3791341,876.3029516,926.8593138,897.8677912,872.0296856,878.345545,879.6367351,855.7467688,891.8829379,871.9512556,760.2040483,627.8901993,585.4570988,606.6439602,636.2489911,608.7616694,628.7462422,609.124652,,,,,,